<pkgref spec="1.12" uuid="D6025E17-BA3D-48D7-B8CE-2AE6BD206F80"><config><identifier>org.vpython.vpython514.vidle.pkg</identifier><version>1</version><description></description><post-install type="none"/><requireAuthorization/><installFrom relative="true" mod="true">../../../../stage/vidle</installFrom><installTo mod="true">/Library/Frameworks/Python.framework/Versions/3.1/lib/python3.1/site-packages/vidle</installTo><flags><followSymbolicLinks/></flags><packageStore type="internal"></packageStore><mod>installTo</mod><mod>postInstall</mod><mod>installFrom.path</mod><mod>identifier</mod><mod>parent</mod><mod>version</mod><mod>installTo.path</mod><mod>requireAuthorization</mod><mod>extraFiles</mod></config><contents><file-list>02vidle-contents.xml</file-list><filter>/CVS$</filter><filter>/\.svn$</filter><filter>/\.cvsignore$</filter><filter>/\.cvspass$</filter><filter>/\.DS_Store$</filter></contents><extra-files/></pkgref>