<pkgref spec="1.12" uuid="8E56356B-B387-41D5-8884-3935FDED58AD"><config><identifier>org.vpython.vpython54.numpy-1.5.0-py3.1.pkg</identifier><version>1.0</version><description></description><post-install type="none"/><requireAuthorization/><installFrom relative="true" mod="true">../../../../stage/numpy-1.5.0-py3.1.egg-info</installFrom><installTo mod="true">/Library/Frameworks/Python.framework/Versions/3.1/lib/python3.1/site-packages/</installTo><flags><followSymbolicLinks/></flags><packageStore type="internal"></packageStore><mod>installTo.path</mod><mod>installFrom.path</mod><mod>parent</mod><mod>installTo</mod><mod>identifier</mod></config><contents><file-list>05numpy-contents.xml</file-list><filter>/CVS$</filter><filter>/\.svn$</filter><filter>/\.cvsignore$</filter><filter>/\.cvspass$</filter><filter>/\.DS_Store$</filter></contents></pkgref>