<pkg-contents spec="1.12"><f n="FontTools" o="bruce" g="staff" p="16877" pt="/Users/bruce/Documents/workspace/stage/FontTools" m="false" t="file"><f n=".DS_Store" o="bruce" g="staff" p="33188"/><f n="Doc" o="bruce" g="staff" p="16877"><f n="ChangeLog" o="bruce" g="staff" p="33261"/><f n="changes.txt" o="bruce" g="staff" p="33261"/><f n="documentation.html" o="bruce" g="staff" p="33261"/><f n="install.txt" o="bruce" g="staff" p="33261"/><f n="ttx.1" o="bruce" g="staff" p="33261"/></f><f n="fontTools" o="bruce" g="staff" p="16877"><f n="__init__.py" o="bruce" g="staff" p="33261"/><f n="__init__.pyc" o="bruce" g="staff" p="33188"/><f n="afmLib.py" o="bruce" g="staff" p="33261"/><f n="agl.py" o="bruce" g="staff" p="33261"/><f n="cffLib.py" o="bruce" g="staff" p="33261"/><f n="encodings" o="bruce" g="staff" p="16877"><f n="__init__.py" o="bruce" g="staff" p="33261"/><f n="__init__.pyc" o="bruce" g="staff" p="33261"/><f n="MacRoman.py" o="bruce" g="staff" p="33261"/><f n="MacRoman.pyc" o="bruce" g="staff" p="33261"/><f n="StandardEncoding.py" o="bruce" g="staff" p="33261"/><f n="StandardEncoding.pyc" o="bruce" g="staff" p="33261"/></f><f n="fondLib.py" o="bruce" g="staff" p="33261"/><f n="misc" o="bruce" g="staff" p="16877"><f n="__init__.py" o="bruce" g="staff" p="33261"/><f n="__init__.pyc" o="bruce" g="staff" p="33261"/><f n="arrayTools.py" o="bruce" g="staff" p="33261"/><f n="arrayTools.pyc" o="bruce" g="staff" p="33261"/><f n="bezierTools.py" o="bruce" g="staff" p="33261"/><f n="bezierTools.pyc" o="bruce" g="staff" p="33261"/><f n="eexec.py" o="bruce" g="staff" p="33261"/><f n="eexec.pyc" o="bruce" g="staff" p="33261"/><f n="eexecOp.pyd" o="bruce" g="staff" p="33261"/><f n="homeResFile.py" o="bruce" g="staff" p="33261"/><f n="homeResFile.pyc" o="bruce" g="staff" p="33261"/><f n="macCreatorType.py" o="bruce" g="staff" p="33261"/><f n="macCreatorType.pyc" o="bruce" g="staff" p="33261"/><f n="psCharStrings.py" o="bruce" g="staff" p="33261"/><f n="psCharStrings.pyc" o="bruce" g="staff" p="33261"/><f n="psLib.py" o="bruce" g="staff" p="33261"/><f n="psLib.pyc" o="bruce" g="staff" p="33261"/><f n="psOperators.py" o="bruce" g="staff" p="33261"/><f n="psOperators.pyc" o="bruce" g="staff" p="33261"/><f n="textTools.py" o="bruce" g="staff" p="33261"/><f n="textTools.pyc" o="bruce" g="staff" p="33261"/><f n="transform.py" o="bruce" g="staff" p="33261"/><f n="transform.pyc" o="bruce" g="staff" p="33261"/></f><f n="nfntLib.py" o="bruce" g="staff" p="33261"/><f n="pens" o="bruce" g="staff" p="16877"><f n="__init__.py" o="bruce" g="staff" p="33261"/><f n="__init__.pyc" o="bruce" g="staff" p="33261"/><f n="basePen.py" o="bruce" g="staff" p="33261"/><f n="basePen.pyc" o="bruce" g="staff" p="33261"/><f n="boundsPen.py" o="bruce" g="staff" p="33261"/><f n="boundsPen.pyc" o="bruce" g="staff" p="33261"/><f n="cocoaPen.py" o="bruce" g="staff" p="33261"/><f n="cocoaPen.pyc" o="bruce" g="staff" p="33261"/><f n="pointInsidePen.py" o="bruce" g="staff" p="33261"/><f n="pointInsidePen.pyc" o="bruce" g="staff" p="33261"/><f n="reportLabPen.py" o="bruce" g="staff" p="33261"/><f n="reportLabPen.pyc" o="bruce" g="staff" p="33261"/><f n="transformPen.py" o="bruce" g="staff" p="33261"/><f n="transformPen.pyc" o="bruce" g="staff" p="33261"/></f><f n="t1Lib.py" o="bruce" g="staff" p="33261"/><f n="ttLib" o="bruce" g="staff" p="16877"><f n="__init__.py" o="bruce" g="staff" p="33261"/><f n="__init__.pyc" o="bruce" g="staff" p="33261"/><f n="macUtils.py" o="bruce" g="staff" p="33261"/><f n="macUtils.pyc" o="bruce" g="staff" p="33261"/><f n="sfnt.py" o="bruce" g="staff" p="33261"/><f n="sfnt.pyc" o="bruce" g="staff" p="33261"/><f n="standardGlyphOrder.py" o="bruce" g="staff" p="33261"/><f n="standardGlyphOrder.pyc" o="bruce" g="staff" p="33261"/><f n="tables" o="bruce" g="staff" p="16877"><f n="__init__.py" o="bruce" g="staff" p="33261"/><f n="__init__.pyc" o="bruce" g="staff" p="33261"/><f n="_c_m_a_p.py" o="bruce" g="staff" p="33261"/><f n="_c_m_a_p.pyc" o="bruce" g="staff" p="33261"/><f n="_c_v_t.py" o="bruce" g="staff" p="33261"/><f n="_f_p_g_m.py" o="bruce" g="staff" p="33261"/><f n="_g_a_s_p.py" o="bruce" g="staff" p="33261"/><f n="_g_l_y_f.py" o="bruce" g="staff" p="33261"/><f n="_g_l_y_f.pyc" o="bruce" g="staff" p="33261"/><f n="_h_d_m_x.py" o="bruce" g="staff" p="33261"/><f n="_h_e_a_d.py" o="bruce" g="staff" p="33261"/><f n="_h_e_a_d.pyc" o="bruce" g="staff" p="33261"/><f n="_h_h_e_a.py" o="bruce" g="staff" p="33261"/><f n="_h_m_t_x.py" o="bruce" g="staff" p="33261"/><f n="_k_e_r_n.py" o="bruce" g="staff" p="33261"/><f n="_l_o_c_a.py" o="bruce" g="staff" p="33261"/><f n="_l_o_c_a.pyc" o="bruce" g="staff" p="33261"/><f n="_m_a_x_p.py" o="bruce" g="staff" p="33261"/><f n="_m_a_x_p.pyc" o="bruce" g="staff" p="33261"/><f n="_n_a_m_e.py" o="bruce" g="staff" p="33261"/><f n="_p_o_s_t.py" o="bruce" g="staff" p="33261"/><f n="_p_o_s_t.pyc" o="bruce" g="staff" p="33261"/><f n="_p_r_e_p.py" o="bruce" g="staff" p="33261"/><f n="_v_h_e_a.py" o="bruce" g="staff" p="33261"/><f n="_v_m_t_x.py" o="bruce" g="staff" p="33261"/><f n="asciiTable.py" o="bruce" g="staff" p="33261"/><f n="B_A_S_E_.py" o="bruce" g="staff" p="33261"/><f n="C_F_F_.py" o="bruce" g="staff" p="33261"/><f n="D_S_I_G_.py" o="bruce" g="staff" p="33261"/><f n="DefaultTable.py" o="bruce" g="staff" p="33261"/><f n="DefaultTable.pyc" o="bruce" g="staff" p="33261"/><f n="G_D_E_F_.py" o="bruce" g="staff" p="33261"/><f n="G_M_A_P_.py" o="bruce" g="staff" p="33261"/><f n="G_P_K_G_.py" o="bruce" g="staff" p="33261"/><f n="G_P_O_S_.py" o="bruce" g="staff" p="33261"/><f n="G_S_U_B_.py" o="bruce" g="staff" p="33261"/><f n="J_S_T_F_.py" o="bruce" g="staff" p="33261"/><f n="L_T_S_H_.py" o="bruce" g="staff" p="33261"/><f n="M_E_T_A_.py" o="bruce" g="staff" p="33261"/><f n="O_S_2f_2.py" o="bruce" g="staff" p="33261"/><f n="O_S_2f_2.pyc" o="bruce" g="staff" p="33261"/><f n="otBase.py" o="bruce" g="staff" p="33261"/><f n="otConverters.py" o="bruce" g="staff" p="33261"/><f n="otData.py" o="bruce" g="staff" p="33261"/><f n="otTables.py" o="bruce" g="staff" p="33261"/><f n="S_I_N_G_.py" o="bruce" g="staff" p="33261"/><f n="T_S_I__0.py" o="bruce" g="staff" p="33261"/><f n="T_S_I__1.py" o="bruce" g="staff" p="33261"/><f n="T_S_I__2.py" o="bruce" g="staff" p="33261"/><f n="T_S_I__3.py" o="bruce" g="staff" p="33261"/><f n="T_S_I__5.py" o="bruce" g="staff" p="33261"/><f n="T_S_I_B_.py" o="bruce" g="staff" p="33261"/><f n="T_S_I_D_.py" o="bruce" g="staff" p="33261"/><f n="T_S_I_J_.py" o="bruce" g="staff" p="33261"/><f n="T_S_I_P_.py" o="bruce" g="staff" p="33261"/><f n="T_S_I_S_.py" o="bruce" g="staff" p="33261"/><f n="T_S_I_V_.py" o="bruce" g="staff" p="33261"/><f n="ttProgram.py" o="bruce" g="staff" p="33261"/><f n="ttProgram.pyc" o="bruce" g="staff" p="33261"/><f n="V_O_R_G_.py" o="bruce" g="staff" p="33261"/></f><f n="test" o="bruce" g="staff" p="16877"><f n="__init__.py" o="bruce" g="staff" p="33261"/><f n="ttBrowser.py" o="bruce" g="staff" p="33261"/></f><f n="xmlImport.py" o="bruce" g="staff" p="33261"/></f><f n="ttx.py" o="bruce" g="staff" p="33261"/><f n="unicode.py" o="bruce" g="staff" p="33261"/></f><f n="sstruct.py" o="bruce" g="staff" p="33261"/><f n="sstruct.pyc" o="bruce" g="staff" p="33261"/><f n="xmlWriter.py" o="bruce" g="staff" p="33261"/></f></pkg-contents>