<pkgref spec="1.12" uuid="163BF25B-AC1B-47CB-9E3F-742625FA1CD8"><config><identifier>org.vpython.vpython560.fonttools-2.3-py3.1.pkg</identifier><version>1.0</version><description></description><post-install type="none"/><requireAuthorization/><installFrom relative="true" mod="true">../../../../stage/fonttools-2.3-py3.1.egg-info</installFrom><installTo mod="true">/Library/Frameworks/Python.framework/Versions/3.1/lib/python3.1/site-packages/</installTo><flags><followSymbolicLinks/></flags><packageStore type="internal"></packageStore><mod>installTo.path</mod><mod>locationType</mod><mod>parent</mod><mod>installTo</mod><mod>installFrom.path</mod></config><contents><file-list>10fonttools-contents.xml</file-list><filter>/CVS$</filter><filter>/\.svn$</filter><filter>/\.cvsignore$</filter><filter>/\.cvspass$</filter><filter>/\.DS_Store$</filter></contents></pkgref>