<pkgref spec="1.12" uuid="3A811593-4D53-43C4-AA15-56D5A40524AC"><config><identifier>org.vpython.vpythoncomplete60Beta1.FontTools.pkg</identifier><version>1.0</version><description></description><post-install type="none"/><requireAuthorization/><installFrom relative="true">../../../../vpy-stage/site-packages/Font Tools</installFrom><installTo mod="true">/Library/Frameworks/Python.framework/Versions/2.7/lib/python2.7/site-packages</installTo><flags><followSymbolicLinks/></flags><packageStore type="internal"></packageStore><mod>parent</mod><mod>installTo</mod><mod>installFrom.isRelativeType</mod></config><contents><file-list>01font-contents.xml</file-list><filter>/CVS$</filter><filter>/\.svn$</filter><filter>/\.cvsignore$</filter><filter>/\.cvspass$</filter><filter>/\.DS_Store$</filter></contents></pkgref>