<pkg-contents spec="1.12"><f n="Polygon" o="root" g="admin" p="16893" pt="/Users/steve/Development/vpy-stage/site-packages/Polygon" m="false" t="file"><f n="Polygon" o="root" g="admin" p="16893"><f n="__init__.py" o="root" g="admin" p="33204"/><f n="__init__.pyc" o="root" g="admin" p="33204"/><f n="cPolygon.so" o="root" g="admin" p="33277"/><f n="IO.py" o="root" g="admin" p="33204"/><f n="IO.pyc" o="root" g="admin" p="33204"/><f n="Shapes.py" o="root" g="admin" p="33204"/><f n="Shapes.pyc" o="root" g="admin" p="33204"/><f n="Utils.py" o="root" g="admin" p="33204"/><f n="Utils.pyc" o="root" g="admin" p="33204"/></f><f n="Polygon-2.0.1-py2.7.egg-info" o="root" g="admin" p="33204"/></f></pkg-contents>