<pkgref spec="1.12" uuid="899FE1C5-8CAB-45F2-A645-DB23DC5EC09B"><config><identifier>org.vpython.vpythonmac602py27.Polygon.pkg</identifier><version>1.0</version><description></description><post-install type="none"/><requireAuthorization/><installFrom relative="true">../../../../vpy-stage/site-packages/Polygon</installFrom><installTo mod="true">/Library/Frameworks/Python.framework/Versions/2.7/lib/python2.7/site-packages</installTo><flags><followSymbolicLinks/></flags><packageStore type="internal"></packageStore><mod>parent</mod><mod>installTo</mod><mod>installFrom.isRelativeType</mod></config><contents><file-list>02polygon-contents.xml</file-list><filter>/CVS$</filter><filter>/\.svn$</filter><filter>/\.cvsignore$</filter><filter>/\.cvspass$</filter><filter>/\.DS_Store$</filter></contents></pkgref>