<pkgref spec="1.12" uuid="D615D561-CB7D-4C3F-BF16-322A193407FC"><config><identifier>org.vpython.vpythoncomplete601Beta.TTFQuery.pkg</identifier><version>1.0</version><description></description><post-install type="none"/><requireAuthorization/><installFrom relative="true">../../../../vpy-stage/site-packages/TTF Query</installFrom><installTo mod="true">/Library/Frameworks/Python.framework/Versions/2.7/lib/python2.7/site-packages</installTo><flags><followSymbolicLinks/></flags><packageStore type="internal"></packageStore><mod>parent</mod><mod>installTo</mod><mod>installFrom.isRelativeType</mod></config><contents><file-list>03ttf-contents.xml</file-list><filter>/CVS$</filter><filter>/\.svn$</filter><filter>/\.cvsignore$</filter><filter>/\.cvspass$</filter><filter>/\.DS_Store$</filter></contents></pkgref>