<pkg-contents spec="1.12"><f n="TTF Query" o="root" g="admin" p="16893" pt="/Users/steve/Development/vpy-stage/site-packages/TTF Query" m="false" t="file"><f n="ttfquery" o="root" g="admin" p="16893"><f n="__init__.py" o="root" g="admin" p="33204"/><f n="__init__.pyc" o="root" g="admin" p="33204"/><f n="_scriptregistry.py" o="root" g="admin" p="33204"/><f n="_scriptregistry.pyc" o="root" g="admin" p="33204"/><f n="describe.py" o="root" g="admin" p="33204"/><f n="describe.pyc" o="root" g="admin" p="33204"/><f n="family_query.py" o="root" g="admin" p="33204"/><f n="family_query.pyc" o="root" g="admin" p="33204"/><f n="findsystem.py" o="root" g="admin" p="33204"/><f n="findsystem.pyc" o="root" g="admin" p="33204"/><f n="font_family_groups.py" o="root" g="admin" p="33204"/><f n="font_family_groups.pyc" o="root" g="admin" p="33204"/><f n="glyph.py" o="root" g="admin" p="33204"/><f n="glyph.pyc" o="root" g="admin" p="33204"/><f n="glyphquery.py" o="root" g="admin" p="33204"/><f n="glyphquery.pyc" o="root" g="admin" p="33204"/><f n="guessdescription.py" o="root" g="admin" p="33204"/><f n="guessdescription.pyc" o="root" g="admin" p="33204"/><f n="metadata_query.py" o="root" g="admin" p="33204"/><f n="metadata_query.pyc" o="root" g="admin" p="33204"/><f n="ttffiles.py" o="root" g="admin" p="33204"/><f n="ttffiles.pyc" o="root" g="admin" p="33204"/></f><f n="TTFQuery-1.0.4-py2.7.egg-info" o="root" g="admin" p="33204"/></f></pkg-contents>