<pkgref spec="1.12" uuid="D615D561-CB7D-4C3F-BF16-322A193407FC"><config><identifier>org.vpython.vpythonmac603py27.TTFQuery.pkg</identifier><version>1.0</version><description></description><post-install type="none"/><requireAuthorization/><installFrom relative="true">../../../../vpy-stage/site-packages/TTF Query</installFrom><installTo mod="true">/Library/Frameworks/Python.framework/Versions/2.7/lib/python2.7/site-packages</installTo><flags><followSymbolicLinks/></flags><packageStore type="internal"></packageStore><mod>installFrom.isRelativeType</mod><mod>parent</mod><mod>installTo</mod></config></pkgref>