<pkg-contents spec="1.12"><f n="Visual Extension" o="root" g="admin" p="16893" pt="/Users/steve/Development/vpy-stage/site-packages/Visual Extension" m="false" t="file"><f n="VPython-6.00-py2.7-macosx-10.6-intel.egg" o="root" g="admin" p="16893"><f n=".DS_Store" o="root" g="admin" p="33204"/><f n="EGG-INFO" o="root" g="admin" p="16893"><f n="dependency_links.txt" o="root" g="admin" p="33204"/><f n="native_libs.txt" o="root" g="admin" p="33204"/><f n="not-zip-safe" o="root" g="admin" p="33204"/><f n="PKG-INFO" o="root" g="admin" p="33204"/><f n="requires.txt" o="root" g="admin" p="33204"/><f n="SOURCES.txt" o="root" g="admin" p="33204"/><f n="top_level.txt" o="root" g="admin" p="33204"/></f><f n="vidle" o="root" g="admin" p="16893"><f n="__init__.py" o="root" g="admin" p="33204"/><f n="__init__.pyc" o="root" g="admin" p="33204"/><f n="aboutDialog.py" o="root" g="admin" p="33204"/><f n="aboutDialog.pyc" o="root" g="admin" p="33204"/><f n="AutoComplete.py" o="root" g="admin" p="33204"/><f n="AutoComplete.pyc" o="root" g="admin" p="33204"/><f n="AutoCompleteWindow.py" o="root" g="admin" p="33204"/><f n="AutoCompleteWindow.pyc" o="root" g="admin" p="33204"/><f n="AutoExpand.py" o="root" g="admin" p="33204"/><f n="AutoExpand.pyc" o="root" g="admin" p="33204"/><f n="Bindings.py" o="root" g="admin" p="33204"/><f n="Bindings.pyc" o="root" g="admin" p="33204"/><f n="CallTips.py" o="root" g="admin" p="33204"/><f n="CallTips.pyc" o="root" g="admin" p="33204"/><f n="CallTipWindow.py" o="root" g="admin" p="33204"/><f n="CallTipWindow.pyc" o="root" g="admin" p="33204"/><f n="ClassBrowser.py" o="root" g="admin" p="33204"/><f n="ClassBrowser.pyc" o="root" g="admin" p="33204"/><f n="CodeContext.py" o="root" g="admin" p="33204"/><f n="CodeContext.pyc" o="root" g="admin" p="33204"/><f n="ColorDelegator.py" o="root" g="admin" p="33204"/><f n="ColorDelegator.pyc" o="root" g="admin" p="33204"/><f n="config-extensions.def" o="root" g="admin" p="33204"/><f n="config-highlight.def" o="root" g="admin" p="33204"/><f n="config-keys.def" o="root" g="admin" p="33204"/><f n="config-main.def" o="root" g="admin" p="33204"/><f n="configDialog.py" o="root" g="admin" p="33204"/><f n="configDialog.pyc" o="root" g="admin" p="33204"/><f n="configHandler.py" o="root" g="admin" p="33204"/><f n="configHandler.pyc" o="root" g="admin" p="33204"/><f n="configHelpSourceEdit.py" o="root" g="admin" p="33204"/><f n="configHelpSourceEdit.pyc" o="root" g="admin" p="33204"/><f n="configSectionNameDialog.py" o="root" g="admin" p="33204"/><f n="configSectionNameDialog.pyc" o="root" g="admin" p="33204"/><f n="CREDITS.txt" o="root" g="admin" p="33204"/><f n="Debugger.py" o="root" g="admin" p="33204"/><f n="Debugger.pyc" o="root" g="admin" p="33204"/><f n="Delegator.py" o="root" g="admin" p="33204"/><f n="Delegator.pyc" o="root" g="admin" p="33204"/><f n="dynOptionMenuWidget.py" o="root" g="admin" p="33204"/><f n="dynOptionMenuWidget.pyc" o="root" g="admin" p="33204"/><f n="EditorWindow.py" o="root" g="admin" p="33204"/><f n="EditorWindow.pyc" o="root" g="admin" p="33204"/><f n="extend.txt" o="root" g="admin" p="33204"/><f n="FileList.py" o="root" g="admin" p="33204"/><f n="FileList.pyc" o="root" g="admin" p="33204"/><f n="FileRevert.py" o="root" g="admin" p="33204"/><f n="FileRevert.pyc" o="root" g="admin" p="33204"/><f n="FormatParagraph.py" o="root" g="admin" p="33204"/><f n="FormatParagraph.pyc" o="root" g="admin" p="33204"/><f n="GrepDialog.py" o="root" g="admin" p="33204"/><f n="GrepDialog.pyc" o="root" g="admin" p="33204"/><f n="help.txt" o="root" g="admin" p="33204"/><f n="HISTORY.txt" o="root" g="admin" p="33204"/><f n="HyperParser.py" o="root" g="admin" p="33204"/><f n="HyperParser.pyc" o="root" g="admin" p="33204"/><f n="Icons" o="root" g="admin" p="16893"><f n="idle.icns" o="root" g="admin" p="33204"/></f><f n="idle.bat" o="root" g="admin" p="33204"/><f n="idle.py" o="root" g="admin" p="33204"/><f n="idle.pyc" o="root" g="admin" p="33204"/><f n="IdleHistory.py" o="root" g="admin" p="33204"/><f n="IdleHistory.pyc" o="root" g="admin" p="33204"/><f n="idlever.py" o="root" g="admin" p="33204"/><f n="idlever.pyc" o="root" g="admin" p="33204"/><f n="IOBinding.py" o="root" g="admin" p="33204"/><f n="IOBinding.pyc" o="root" g="admin" p="33204"/><f n="keybindingDialog.py" o="root" g="admin" p="33204"/><f n="keybindingDialog.pyc" o="root" g="admin" p="33204"/><f n="MacBuildApp.py" o="root" g="admin" p="33204"/><f n="MacBuildApp.pyc" o="root" g="admin" p="33204"/><f n="macosxSupport.py" o="root" g="admin" p="33204"/><f n="macosxSupport.pyc" o="root" g="admin" p="33204"/><f n="MultiCall.py" o="root" g="admin" p="33204"/><f n="MultiCall.pyc" o="root" g="admin" p="33204"/><f n="MultiStatusBar.py" o="root" g="admin" p="33204"/><f n="MultiStatusBar.pyc" o="root" g="admin" p="33204"/><f n="NEWS.txt" o="root" g="admin" p="33204"/><f n="ObjectBrowser.py" o="root" g="admin" p="33204"/><f n="ObjectBrowser.pyc" o="root" g="admin" p="33204"/><f n="OutputWindow.py" o="root" g="admin" p="33204"/><f n="OutputWindow.pyc" o="root" g="admin" p="33204"/><f n="ParenMatch.py" o="root" g="admin" p="33204"/><f n="ParenMatch.pyc" o="root" g="admin" p="33204"/><f n="PathBrowser.py" o="root" g="admin" p="33204"/><f n="PathBrowser.pyc" o="root" g="admin" p="33204"/><f n="Percolator.py" o="root" g="admin" p="33204"/><f n="Percolator.pyc" o="root" g="admin" p="33204"/><f n="pyclbr.py" o="root" g="admin" p="33204"/><f n="pyclbr.pyc" o="root" g="admin" p="33204"/><f n="PyParse.py" o="root" g="admin" p="33204"/><f n="PyParse.pyc" o="root" g="admin" p="33204"/><f n="PyShell.py" o="root" g="admin" p="33204"/><f n="PyShell.pyc" o="root" g="admin" p="33204"/><f n="README.txt" o="root" g="admin" p="33204"/><f n="RemoteDebugger.py" o="root" g="admin" p="33204"/><f n="RemoteDebugger.pyc" o="root" g="admin" p="33204"/><f n="RemoteObjectBrowser.py" o="root" g="admin" p="33204"/><f n="RemoteObjectBrowser.pyc" o="root" g="admin" p="33204"/><f n="ReplaceDialog.py" o="root" g="admin" p="33204"/><f n="ReplaceDialog.pyc" o="root" g="admin" p="33204"/><f n="rpc.py" o="root" g="admin" p="33204"/><f n="rpc.pyc" o="root" g="admin" p="33204"/><f n="RstripExtension.py" o="root" g="admin" p="33204"/><f n="RstripExtension.pyc" o="root" g="admin" p="33204"/><f n="run.py" o="root" g="admin" p="33204"/><f n="run.pyc" o="root" g="admin" p="33204"/><f n="ScriptBinding.py" o="root" g="admin" p="33204"/><f n="ScriptBinding.pyc" o="root" g="admin" p="33204"/><f n="ScrolledList.py" o="root" g="admin" p="33204"/><f n="ScrolledList.pyc" o="root" g="admin" p="33204"/><f n="SearchDialog.py" o="root" g="admin" p="33204"/><f n="SearchDialog.pyc" o="root" g="admin" p="33204"/><f n="SearchDialogBase.py" o="root" g="admin" p="33204"/><f n="SearchDialogBase.pyc" o="root" g="admin" p="33204"/><f n="SearchEngine.py" o="root" g="admin" p="33204"/><f n="SearchEngine.pyc" o="root" g="admin" p="33204"/><f n="StackViewer.py" o="root" g="admin" p="33204"/><f n="StackViewer.pyc" o="root" g="admin" p="33204"/><f n="tabbedpages.py" o="root" g="admin" p="33204"/><f n="tabbedpages.pyc" o="root" g="admin" p="33204"/><f n="testcode.py" o="root" g="admin" p="33204"/><f n="testcode.pyc" o="root" g="admin" p="33204"/><f n="textView.py" o="root" g="admin" p="33204"/><f n="textView.pyc" o="root" g="admin" p="33204"/><f n="TODO.txt" o="root" g="admin" p="33204"/><f n="ToolTip.py" o="root" g="admin" p="33204"/><f n="ToolTip.pyc" o="root" g="admin" p="33204"/><f n="TreeWidget.py" o="root" g="admin" p="33204"/><f n="TreeWidget.pyc" o="root" g="admin" p="33204"/><f n="UndoDelegator.py" o="root" g="admin" p="33204"/><f n="UndoDelegator.pyc" o="root" g="admin" p="33204"/><f n="utils.py" o="root" g="admin" p="33204"/><f n="utils.pyc" o="root" g="admin" p="33204"/><f n="WidgetRedirector.py" o="root" g="admin" p="33204"/><f n="WidgetRedirector.pyc" o="root" g="admin" p="33204"/><f n="WindowList.py" o="root" g="admin" p="33204"/><f n="WindowList.pyc" o="root" g="admin" p="33204"/><f n="ZoomHeight.py" o="root" g="admin" p="33204"/><f n="ZoomHeight.pyc" o="root" g="admin" p="33204"/></f><f n="vis" o="root" g="admin" p="16893"><f n="__init__.py" o="root" g="admin" p="33204"/><f n="__init__.pyc" o="root" g="admin" p="33204"/><f n="controls.py" o="root" g="admin" p="33204"/><f n="controls.pyc" o="root" g="admin" p="33204"/><f n="factorial.py" o="root" g="admin" p="33204"/><f n="factorial.pyc" o="root" g="admin" p="33204"/><f n="filedialog.py" o="root" g="admin" p="33204"/><f n="filedialog.pyc" o="root" g="admin" p="33204"/><f n="graph.py" o="root" g="admin" p="33204"/><f n="graph.pyc" o="root" g="admin" p="33204"/><f n="license.txt" o="root" g="admin" p="33204"/><f n="site_settings.py" o="root" g="admin" p="33204"/><f n="site_settings.pyc" o="root" g="admin" p="33204"/></f><f n="visual" o="root" g="admin" p="16893"><f n="__init__.py" o="root" g="admin" p="33204"/><f n="__init__.pyc" o="root" g="admin" p="33204"/><f n="controls.py" o="root" g="admin" p="33204"/><f n="controls.pyc" o="root" g="admin" p="33204"/><f n="factorial.py" o="root" g="admin" p="33204"/><f n="factorial.pyc" o="root" g="admin" p="33204"/><f n="filedialog.py" o="root" g="admin" p="33204"/><f n="filedialog.pyc" o="root" g="admin" p="33204"/><f n="graph.py" o="root" g="admin" p="33204"/><f n="graph.pyc" o="root" g="admin" p="33204"/><f n="license.txt" o="root" g="admin" p="33204"/><f n="visual_all.py" o="root" g="admin" p="33204"/><f n="visual_all.pyc" o="root" g="admin" p="33204"/></f><f n="visual_common" o="root" g="admin" p="16893"><f n="__init__.py" o="root" g="admin" p="33204"/><f n="__init__.pyc" o="root" g="admin" p="33204"/><f n="BlueMarble.tga" o="root" g="admin" p="33204"/><f n="brickbump.tga" o="root" g="admin" p="33204"/><f n="controls.py" o="root" g="admin" p="33204"/><f n="controls.pyc" o="root" g="admin" p="33204"/><f n="crayola.py" o="root" g="admin" p="33204"/><f n="crayola.pyc" o="root" g="admin" p="33204"/><f n="create_display.py" o="root" g="admin" p="33204"/><f n="create_display.pyc" o="root" g="admin" p="33204"/><f n="cvisual.py" o="root" g="admin" p="33204"/><f n="cvisual.pyc" o="root" g="admin" p="33204"/><f n="cvisual.so" o="root" g="admin" p="33277"/><f n="earth.tga" o="root" g="admin" p="33204"/><f n="factorial.py" o="root" g="admin" p="33204"/><f n="factorial.pyc" o="root" g="admin" p="33204"/><f n="filedialog.py" o="root" g="admin" p="33204"/><f n="filedialog.pyc" o="root" g="admin" p="33204"/><f n="graph.py" o="root" g="admin" p="33204"/><f n="graph.pyc" o="root" g="admin" p="33204"/><f n="materials.py" o="root" g="admin" p="33204"/><f n="materials.pyc" o="root" g="admin" p="33204"/><f n="paths.py" o="root" g="admin" p="33204"/><f n="paths.pyc" o="root" g="admin" p="33204"/><f n="primitives.py" o="root" g="admin" p="33204"/><f n="primitives.pyc" o="root" g="admin" p="33204"/><f n="random.tga" o="root" g="admin" p="33204"/><f n="rate_plan.py" o="root" g="admin" p="33204"/><f n="rate_plan.pyc" o="root" g="admin" p="33204"/><f n="shapes.py" o="root" g="admin" p="33204"/><f n="shapes.pyc" o="root" g="admin" p="33204"/><f n="site_settings.py" o="root" g="admin" p="33204"/><f n="site_settings.pyc" o="root" g="admin" p="33204"/><f n="turbulence3.tga" o="root" g="admin" p="33204"/><f n="wood.tga" o="root" g="admin" p="33204"/></f></f><f n="VPython.pth" o="root" g="admin" p="33204"/></f></pkg-contents>