<pkgref spec="1.12" uuid="31F8A7B1-5579-405A-9F31-D9E631F5F811"><config><identifier>org.vpython.vpythoncomplete60Beta1.numpy.pkg</identifier><version>1.0</version><description></description><post-install type="none"/><requireAuthorization/><installFrom relative="true">../../../../vpy-stage/site-packages/numpy</installFrom><installTo mod="true">/Library/Frameworks/Python.framework/Versions/2.7/lib/python2.7/site-packages</installTo><flags><followSymbolicLinks/></flags><packageStore type="internal"></packageStore><mod>installFrom.isRelativeType</mod><mod>installTo</mod><mod>parent</mod></config></pkgref>