<pkgref spec="1.12" uuid="58652219-14F2-463F-BD9B-204EBF0DB2E5"><config><identifier>org.vpython.vpythoncomplete60Beta1.VIdle+Examples.pkg</identifier><version>1.0</version><description></description><post-install type="none"/><requireAuthorization/><installFrom relative="true">../../../../vpy-stage/VIdle+Examples</installFrom><installTo mod="true">/Applications</installTo><flags><followSymbolicLinks/></flags><packageStore type="internal"></packageStore><mod>parent</mod><mod>installTo</mod><mod>installFrom.isRelativeType</mod></config><contents><file-list>06vidle-contents.xml</file-list><component id="VIDLE" path="/Users/steve/Development/vpy-stage/VIdle+Examples/VPython-Py2.7/VIDLE.app"/><filter>/CVS$</filter><filter>/\.svn$</filter><filter>/\.cvsignore$</filter><filter>/\.cvspass$</filter><filter>/\.DS_Store$</filter></contents></pkgref>