<pkgref spec="1.12" uuid="0B213C34-5D7C-4014-9DCB-4C51BCF4D2AF"><config><identifier>org.vpython.vpythoncomplete60Beta1.VisualExtension.pkg</identifier><version>1.0</version><description></description><post-install type="none"/><requireAuthorization/><installFrom relative="true">../../../../vpy-stage/site-packages/Visual Extension</installFrom><installTo mod="true">/Library/Frameworks/Python.framework/Versions/2.7/lib/python2.7/site-packages</installTo><flags><followSymbolicLinks/></flags><packageStore type="internal"></packageStore><mod>installFrom.isRelativeType</mod><mod>installTo</mod><mod>parent</mod></config><contents><file-list>07visual-contents.xml</file-list><filter>/CVS$</filter><filter>/\.svn$</filter><filter>/\.cvsignore$</filter><filter>/\.cvspass$</filter><filter>/\.DS_Store$</filter></contents></pkgref>