<pkg-contents spec="1.12"><f n="VIdle" o="root" g="admin" p="16893" pt="/Users/steve/Development/vpy-stage/VIdle" m="false" t="file"><f n="VIDLE-Py2.7.app" o="root" g="admin" p="16893"><f n="Contents" o="root" g="admin" p="16893"><f n="Info.plist" o="root" g="admin" p="33204"/><f n="MacOS" o="root" g="admin" p="16893"><f n="VIDLE" o="root" g="admin" p="33277"/></f><f n="PkgInfo" o="root" g="admin" p="33204"/><f n="Resources" o="root" g="admin" p="16893"><f n="IDLE.icns" o="root" g="admin" p="33204"/><f n="idle.py" o="root" g="admin" p="33204"/><f n="PythonCompiled.icns" o="root" g="admin" p="33204"/><f n="PythonSource.icns" o="root" g="admin" p="33204"/></f></f></f></f></pkg-contents>