<pkgref spec="1.12" uuid="BAF04D89-237E-4F73-89BB-81665F6F3B35"><config><identifier>org.vpython.vpythoncomplete601Beta.VIdle.pkg</identifier><version>1.0</version><description></description><post-install type="none"/><requireAuthorization/><installFrom relative="true">../../../../vpy-stage/VIdle</installFrom><installTo mod="true">/Applications</installTo><flags><followSymbolicLinks/></flags><packageStore type="internal"></packageStore><mod>parent</mod><mod>installFrom.isRelativeType</mod><mod>installTo</mod></config><contents><file-list>07vidle-contents.xml</file-list><component id="org.python.VIDLE" path="/Users/steve/Development/vpy-stage/VIdle/VPython-Py2.7/VIDLE.app" version="6.0.0" isRelocatable="true"><locator-info><token title="pkmk-token-4"><search-rule><combo identifier="org.python.VIDLE" default-path="/Applications/VPython-Py2.7/VIDLE.app"/></search-rule></token></locator-info></component><filter>/CVS$</filter><filter>/\.svn$</filter><filter>/\.cvsignore$</filter><filter>/\.cvspass$</filter><filter>/\.DS_Store$</filter></contents></pkgref>