<pkgref spec="1.12" uuid="AA0BA679-5611-4470-BDDB-C028F1A60291"><config><identifier>org.vpython.vpythoncomplete60Beta1.wx-libraries.pkg</identifier><version>1.0</version><description></description><post-install type="none"/><requireAuthorization/><installFrom relative="true">../../../../vpy-stage/wx-libraries</installFrom><installTo mod="true">/usr/local/lib</installTo><flags><followSymbolicLinks/></flags><packageStore type="internal"></packageStore><mod>installTo</mod><mod>installFrom.isRelativeType</mod><mod>parent</mod></config><contents><file-list>07wx-contents.xml</file-list><filter>/CVS$</filter><filter>/\.svn$</filter><filter>/\.cvsignore$</filter><filter>/\.cvspass$</filter><filter>/\.DS_Store$</filter></contents></pkgref>