<pkgref spec="1.12" uuid="6865FB2E-BF85-47AA-B96F-03B7AF14624F"><config><identifier>org.vpython.vpythoncomplete60Beta1.VIdle.pkg</identifier><version>1.0</version><description/><post-install type="none"/><requireAuthorization/><installFrom relative="true">../../../../vpy-stage/VIdle</installFrom><installTo mod="true">/Applications</installTo><flags><followSymbolicLinks/></flags><packageStore type="internal"/><mod>installFrom.isRelativeType</mod><mod>installTo</mod><mod>parent</mod></config><contents><file-list>08vidle-contents.xml</file-list><component id="org.python.VIDLE" path="/Users/steve/Development/vpy-stage/VIdle/VPython-Py2.7/VIDLE.app" version="6.0.0"><mod>isRelocatable</mod></component><filter>/CVS$</filter><filter>/\.svn$</filter><filter>/\.cvsignore$</filter><filter>/\.cvspass$</filter><filter>/\.DS_Store$</filter></contents></pkgref>