<pkgref spec="1.12" uuid="F699E3B5-BA12-4649-BB27-9D2C38E77461"><config><identifier>org.vpython.vpythoncomplete60Beta1.VIdle.pkg</identifier><version>1.0</version><description></description><post-install type="none"/><requireAuthorization/><installFrom relative="true">../../../../vpy-stage/VIdle</installFrom><installTo mod="true">/Applications</installTo><flags><followSymbolicLinks/></flags><packageStore type="internal"></packageStore><mod>installTo</mod><mod>parent</mod><mod>installFrom.isRelativeType</mod></config><contents><file-list>08vidle-contents.xml</file-list><component id="org.python.VIDLE" path="/Users/steve/Development/vpy-stage/VIdle/VPython-Py2.7/VIDLE.app" version="6.0.0"/><filter>/CVS$</filter><filter>/\.svn$</filter><filter>/\.cvsignore$</filter><filter>/\.cvspass$</filter><filter>/\.DS_Store$</filter></contents></pkgref>