<pkg-contents spec="1.12"><f n="VIdle" o="root" g="admin" p="16893" pt="/Users/steve/Development/vpy-stage/VIdle" m="true" t="file"><f n="VPython-Py2.7" o="root" g="admin" p="16893"><f n="VIDLE.app" o="root" g="admin" p="16893"><f n="Contents" o="root" g="admin" p="16893"><f n="Info.plist" o="root" g="admin" p="33188"/><f n="MacOS" o="root" g="admin" p="16893"><f n="Python" o="root" g="admin" p="41469"><mod>mode</mod></f><f n="VIDLE" o="root" g="admin" p="33277"/></f><f n="PkgInfo" o="root" g="admin" p="33204"/><f n="Resources" o="root" g="admin" p="16893"><f n="IDLE.icns" o="root" g="admin" p="33188"/><f n="idle.py" o="root" g="admin" p="33204"/><f n="PythonCompiled.icns" o="root" g="admin" p="33188"/><f n="PythonSource.icns" o="root" g="admin" p="33188"/></f></f></f></f></f></pkg-contents>