<pkgref spec="1.12" uuid="F00B4AAC-29F6-45ED-B07B-BCB77640C84D"><config><identifier>org.vpython.vpythoncomplete601Beta.VisualExtension.pkg</identifier><version>1.0</version><description></description><post-install type="none"/><requireAuthorization/><installFrom relative="true">../../../../vpy-stage/site-packages/Visual Extension</installFrom><installTo mod="true">/Library/Frameworks/Python.framework/Versions/2.7/lib/python2.7/site-packages</installTo><flags><followSymbolicLinks/></flags><packageStore type="internal"></packageStore><mod>installTo</mod><mod>parent</mod><mod>installFrom.isRelativeType</mod></config><contents><file-list>08visual-contents.xml</file-list><filter>/CVS$</filter><filter>/\.svn$</filter><filter>/\.cvsignore$</filter><filter>/\.cvspass$</filter><filter>/\.DS_Store$</filter></contents></pkgref>