<pkmkdoc spec="1.12"><properties><title>VPython-Complete 6.01 Beta</title><build>/Users/steve/Development/vpython-wx/src/mac/PackageMaker/VisualPythonInstaller/VPython-Complete.pkg</build><organization>org.vpython</organization><userSees ui="both"/><min-target os="3"/><domain system="true"/></properties><distribution><versions min-spec="1.000000"/><scripts></scripts></distribution><description>VPython Complete installs everything you need (except for Python itself) to edit and run vpython programs on MacOS X. In addition to the visual module, this installer installs numpy, wxPython, TTFQuery, Polygon and FontTools.</description><contents><choice title="Font Tools" id="choice30" starts_selected="true" starts_enabled="true" starts_hidden="false"><pkgref id="org.vpython.vpythoncomplete601Beta.FontTools.pkg"/></choice><choice title="Polygon" id="choice32" starts_selected="true" starts_enabled="true" starts_hidden="false"><pkgref id="org.vpython.vpythoncomplete601Beta.Polygon.pkg"/></choice><choice title="TTF Query" id="choice33" starts_selected="true" starts_enabled="true" starts_hidden="false"><pkgref id="org.vpython.vpythoncomplete601Beta.TTFQuery.pkg"/></choice><choice title="wx-redirect" id="choice35" starts_selected="true" starts_enabled="true" starts_hidden="false"><pkgref id="org.vpython.vpythoncomplete601Beta.wx-redirect.pkg"/></choice><choice title="wx-libraries" id="choice37" starts_selected="true" starts_enabled="true" starts_hidden="false"><pkgref id="org.vpython.vpythoncomplete601Beta.wx-libraries.pkg"/></choice><choice title="numpy" id="choice38" starts_selected="true" starts_enabled="true" starts_hidden="false"><pkgref id="org.vpython.vpythoncomplete601Beta.numpy.pkg"/></choice><choice title="VIdle" id="choice61" starts_selected="true" starts_enabled="true" starts_hidden="false"><pkgref id="org.vpython.vpythoncomplete601Beta.VIdle.pkg"/></choice><choice title="Visual Extension" id="choice63" starts_selected="true" starts_enabled="true" starts_hidden="false"><pkgref id="org.vpython.vpythoncomplete601Beta.VisualExtension.pkg"/></choice></contents><resources bg-scale="none" bg-align="topleft"><locale lang="en"><resource relative="true" mod="true" type="welcome">Visual6_welcome.rtf</resource></locale></resources><requirements><requirement id="file" operator="eq" value="true"><file>/Library/Frameworks/Python.framework/Versions/2.7/Python</file><message-title>Need Mac Python 2.7 to be Installed</message-title><message>Please install Python 2.7 from python.org before attempting to install this version of VPython</message></requirement></requirements><flags/><item type="file">01font.xml</item><item type="file">02polygon.xml</item><item type="file">03ttf.xml</item><item type="file">04wx.xml</item><item type="file">05wx.xml</item><item type="file">06numpy.xml</item><item type="file">07vidle.xml</item><item type="file">08visual.xml</item><mod>properties.systemDomain</mod><mod>properties.title</mod><mod>description</mod><mod>preinstallActions.actions</mod><mod>properties.anywhereDomain</mod></pkmkdoc>