<pkmkdoc spec="1.12"><properties><title>VPython-Complete 6.0 Beta-1</title><build>/Users/steve/Development/vpython-wx/src/mac/PackageMaker/VisualPythonInstaller/VPython-Complete.pkg</build><organization>org.vpython</organization><userSees ui="both"/><min-target os="3"/><domain system="true"/></properties><distribution><versions min-spec="1.000000"/><scripts></scripts></distribution><description>VPython Complete installs everything you need (except for Python itself!) to edit and run vpython programs on MacOS X.</description><contents><choice title="Font Tools" id="choice30" starts_selected="true" starts_enabled="true" starts_hidden="false"><pkgref id="org.vpython.vpythoncomplete60Beta1.FontTools.pkg"/></choice><choice title="Polygon" id="choice32" starts_selected="true" starts_enabled="true" starts_hidden="false"><pkgref id="org.vpython.vpythoncomplete60Beta1.Polygon.pkg"/></choice><choice title="TTF Query" id="choice33" starts_selected="true" starts_enabled="true" starts_hidden="false"><pkgref id="org.vpython.vpythoncomplete60Beta1.TTFQuery.pkg"/></choice><choice title="wx-redirect" id="choice35" starts_selected="true" starts_enabled="true" starts_hidden="false"><pkgref id="org.vpython.vpythoncomplete60Beta1.wx-redirect.pkg"/></choice><choice title="wx-libraries" id="choice37" starts_selected="true" starts_enabled="true" starts_hidden="false"><pkgref id="org.vpython.vpythoncomplete60Beta1.wx-libraries.pkg"/></choice><choice title="numpy" id="choice38" starts_selected="true" starts_enabled="true" starts_hidden="false"><pkgref id="org.vpython.vpythoncomplete60Beta1.numpy.pkg"/></choice><choice title="Visual Extension" id="choice41" starts_selected="true" starts_enabled="true" starts_hidden="false"><pkgref id="org.vpython.vpythoncomplete60Beta1.VisualExtension.pkg"/></choice><choice title="VIdle" id="choice60" starts_selected="true" starts_enabled="true" starts_hidden="false"><pkgref id="org.vpython.vpythoncomplete60Beta1.VIdle.pkg"/></choice></contents><resources bg-scale="none" bg-align="topleft"><locale lang="en"><resource relative="true" mod="true" type="welcome">Visual6_welcome.rtf</resource></locale></resources><requirements><requirement id="file" operator="eq" value="true"><file>/Library/Frameworks/Python.framework/Versions/2.7/Python</file><message-title>Need Mac Python 2.7 to be Installed</message-title><message>Please install Python 2.7 from python.org before attempting to install this version of VPython</message></requirement></requirements><flags/><item type="file">01font.xml</item><item type="file">02polygon.xml</item><item type="file">03ttf.xml</item><item type="file">04wx.xml</item><item type="file">05wx.xml</item><item type="file">06numpy.xml</item><item type="file">07visual.xml</item><item type="file">08vidle.xml</item><mod>properties.anywhereDomain</mod><mod>properties.title</mod><mod>description</mod><mod>preinstallActions.actions</mod><mod>properties.systemDomain</mod></pkmkdoc>