<pkg-contents spec="1.12"><f n="FontTools" o="bruce" g="staff" p="16877" pt="/Users/bruce/Documents/workspace/stage2.6/FontTools" m="true" t="file"><f n=".DS_Store" o="bruce" g="staff" p="33188"/><f n="Doc" o="bruce" g="staff" p="16877"><f n="ChangeLog" o="bruce" g="staff" p="33188"><mod>mode</mod></f><f n="changes.txt" o="bruce" g="staff" p="33188"><mod>mode</mod></f><f n="documentation.html" o="bruce" g="staff" p="33188"><mod>mode</mod></f><f n="install.txt" o="bruce" g="staff" p="33188"><mod>mode</mod></f><f n="ttx.1" o="bruce" g="staff" p="33188"><mod>mode</mod></f></f><f n="fontTools" o="bruce" g="staff" p="16877"><f n=".DS_Store" o="bruce" g="staff" p="33188" x="true"/><f n="__init__.py" o="bruce" g="staff" p="33188"><mod>mode</mod></f><f n="__init__.pyc" o="bruce" g="staff" p="33188"><mod>mode</mod></f><f n="afmLib.py" o="bruce" g="staff" p="33188"><mod>mode</mod></f><f n="afmLib.pyc" o="bruce" g="staff" p="33188"><mod>mode</mod></f><f n="agl.py" o="bruce" g="staff" p="33188"><mod>mode</mod></f><f n="agl.pyc" o="bruce" g="staff" p="33188"><mod>mode</mod></f><f n="cffLib.py" o="bruce" g="staff" p="33188"><mod>mode</mod></f><f n="cffLib.pyc" o="bruce" g="staff" p="33188"><mod>mode</mod></f><f n="encodings" o="bruce" g="staff" p="16804"><f n="__init__.py" o="bruce" g="staff" p="33188"><mod>mode</mod></f><f n="__init__.pyc" o="bruce" g="staff" p="33188"><mod>mode</mod></f><f n="MacRoman.py" o="bruce" g="staff" p="33188"><mod>mode</mod></f><f n="MacRoman.pyc" o="bruce" g="staff" p="33188"><mod>mode</mod></f><f n="StandardEncoding.py" o="bruce" g="staff" p="33188"><mod>mode</mod></f><f n="StandardEncoding.pyc" o="bruce" g="staff" p="33188"><mod>mode</mod></f><mod>mode</mod></f><f n="fondLib.py" o="bruce" g="staff" p="33188"><mod>mode</mod></f><f n="fondLib.pyc" o="bruce" g="staff" p="33188"><mod>mode</mod></f><f n="misc" o="bruce" g="staff" p="16804"><f n="__init__.py" o="bruce" g="staff" p="33188"><mod>mode</mod></f><f n="__init__.pyc" o="bruce" g="staff" p="33188"><mod>mode</mod></f><f n="arrayTools.py" o="bruce" g="staff" p="33188"><mod>mode</mod></f><f n="arrayTools.pyc" o="bruce" g="staff" p="33188"><mod>mode</mod></f><f n="bezierTools.py" o="bruce" g="staff" p="33188"><mod>mode</mod></f><f n="bezierTools.pyc" o="bruce" g="staff" p="33188"><mod>mode</mod></f><f n="eexec.py" o="bruce" g="staff" p="33188"><mod>mode</mod></f><f n="eexec.pyc" o="bruce" g="staff" p="33188"><mod>mode</mod></f><f n="eexecOp.pyd" o="bruce" g="staff" p="33261"/><f n="homeResFile.py" o="bruce" g="staff" p="33188"><mod>mode</mod></f><f n="homeResFile.pyc" o="bruce" g="staff" p="33188"><mod>mode</mod></f><f n="macCreatorType.py" o="bruce" g="staff" p="33188"><mod>mode</mod></f><f n="macCreatorType.pyc" o="bruce" g="staff" p="33188"><mod>mode</mod></f><f n="psCharStrings.py" o="bruce" g="staff" p="33188"><mod>mode</mod></f><f n="psCharStrings.pyc" o="bruce" g="staff" p="33188"><mod>mode</mod></f><f n="psLib.py" o="bruce" g="staff" p="33188"><mod>mode</mod></f><f n="psLib.pyc" o="bruce" g="staff" p="33188"><mod>mode</mod></f><f n="psOperators.py" o="bruce" g="staff" p="33188"><mod>mode</mod></f><f n="psOperators.pyc" o="bruce" g="staff" p="33188"><mod>mode</mod></f><f n="textTools.py" o="bruce" g="staff" p="33188"><mod>mode</mod></f><f n="textTools.pyc" o="bruce" g="staff" p="33188"><mod>mode</mod></f><f n="transform.py" o="bruce" g="staff" p="33188"><mod>mode</mod></f><f n="transform.pyc" o="bruce" g="staff" p="33188"><mod>mode</mod></f><mod>mode</mod></f><f n="nfntLib.py" o="bruce" g="staff" p="33188"><mod>mode</mod></f><f n="nfntLib.pyc" o="bruce" g="staff" p="33188"><mod>mode</mod></f><f n="pens" o="bruce" g="staff" p="16804"><f n="__init__.py" o="bruce" g="staff" p="33188"><mod>mode</mod></f><f n="__init__.pyc" o="bruce" g="staff" p="33188"><mod>mode</mod></f><f n="basePen.py" o="bruce" g="staff" p="33188"><mod>mode</mod></f><f n="basePen.pyc" o="bruce" g="staff" p="33188"><mod>mode</mod></f><f n="boundsPen.py" o="bruce" g="staff" p="33188"><mod>mode</mod></f><f n="boundsPen.pyc" o="bruce" g="staff" p="33188"><mod>mode</mod></f><f n="cocoaPen.py" o="bruce" g="staff" p="33188"><mod>mode</mod></f><f n="cocoaPen.pyc" o="bruce" g="staff" p="33188"><mod>mode</mod></f><f n="pointInsidePen.py" o="bruce" g="staff" p="33188"><mod>mode</mod></f><f n="pointInsidePen.pyc" o="bruce" g="staff" p="33188"><mod>mode</mod></f><f n="reportLabPen.py" o="bruce" g="staff" p="33188"><mod>mode</mod></f><f n="reportLabPen.pyc" o="bruce" g="staff" p="33188"><mod>mode</mod></f><f n="transformPen.py" o="bruce" g="staff" p="33188"><mod>mode</mod></f><f n="transformPen.pyc" o="bruce" g="staff" p="33188"><mod>mode</mod></f><mod>mode</mod></f><f n="t1Lib.py" o="bruce" g="staff" p="33188"><mod>mode</mod></f><f n="t1Lib.pyc" o="bruce" g="staff" p="33188"><mod>mode</mod></f><f n="ttLib" o="bruce" g="staff" p="16804"><f n=".DS_Store" o="bruce" g="staff" p="33188" x="true"/><f n="__init__.py" o="bruce" g="staff" p="33188"><mod>mode</mod></f><f n="__init__.pyc" o="bruce" g="staff" p="33188"><mod>mode</mod></f><f n="macUtils.py" o="bruce" g="staff" p="33188"><mod>mode</mod></f><f n="macUtils.pyc" o="bruce" g="staff" p="33188"><mod>mode</mod></f><f n="sfnt.py" o="bruce" g="staff" p="33188"><mod>mode</mod></f><f n="sfnt.pyc" o="bruce" g="staff" p="33188"><mod>mode</mod></f><f n="standardGlyphOrder.py" o="bruce" g="staff" p="33188"><mod>mode</mod></f><f n="standardGlyphOrder.pyc" o="bruce" g="staff" p="33188"><mod>mode</mod></f><f n="tables" o="bruce" g="staff" p="16877"><f n="__init__.py" o="bruce" g="staff" p="33188"><mod>mode</mod></f><f n="__init__.pyc" o="bruce" g="staff" p="33188"><mod>mode</mod></f><f n="_c_m_a_p.py" o="bruce" g="staff" p="33188"><mod>mode</mod></f><f n="_c_m_a_p.pyc" o="bruce" g="staff" p="33188"><mod>mode</mod></f><f n="_c_v_t.py" o="bruce" g="staff" p="33188"><mod>mode</mod></f><f n="_c_v_t.pyc" o="bruce" g="staff" p="33188"><mod>mode</mod></f><f n="_f_p_g_m.py" o="bruce" g="staff" p="33188"><mod>mode</mod></f><f n="_f_p_g_m.pyc" o="bruce" g="staff" p="33188"><mod>mode</mod></f><f n="_g_a_s_p.py" o="bruce" g="staff" p="33188"><mod>mode</mod></f><f n="_g_a_s_p.pyc" o="bruce" g="staff" p="33188"><mod>mode</mod></f><f n="_g_l_y_f.py" o="bruce" g="staff" p="33188"><mod>mode</mod></f><f n="_g_l_y_f.pyc" o="bruce" g="staff" p="33188"><mod>mode</mod></f><f n="_h_d_m_x.py" o="bruce" g="staff" p="33188"><mod>mode</mod></f><f n="_h_d_m_x.pyc" o="bruce" g="staff" p="33188"><mod>mode</mod></f><f n="_h_e_a_d.py" o="bruce" g="staff" p="33188"><mod>mode</mod></f><f n="_h_e_a_d.pyc" o="bruce" g="staff" p="33188"><mod>mode</mod></f><f n="_h_h_e_a.py" o="bruce" g="staff" p="33188"><mod>mode</mod></f><f n="_h_h_e_a.pyc" o="bruce" g="staff" p="33188"><mod>mode</mod></f><f n="_h_m_t_x.py" o="bruce" g="staff" p="33188"><mod>mode</mod></f><f n="_h_m_t_x.pyc" o="bruce" g="staff" p="33188"><mod>mode</mod></f><f n="_k_e_r_n.py" o="bruce" g="staff" p="33188"><mod>mode</mod></f><f n="_k_e_r_n.pyc" o="bruce" g="staff" p="33188"><mod>mode</mod></f><f n="_l_o_c_a.py" o="bruce" g="staff" p="33188"><mod>mode</mod></f><f n="_l_o_c_a.pyc" o="bruce" g="staff" p="33188"><mod>mode</mod></f><f n="_m_a_x_p.py" o="bruce" g="staff" p="33188"><mod>mode</mod></f><f n="_m_a_x_p.pyc" o="bruce" g="staff" p="33188"><mod>mode</mod></f><f n="_n_a_m_e.py" o="bruce" g="staff" p="33188"><mod>mode</mod></f><f n="_n_a_m_e.pyc" o="bruce" g="staff" p="33188"><mod>mode</mod></f><f n="_p_o_s_t.py" o="bruce" g="staff" p="33188"><mod>mode</mod></f><f n="_p_o_s_t.pyc" o="bruce" g="staff" p="33188"><mod>mode</mod></f><f n="_p_r_e_p.py" o="bruce" g="staff" p="33188"><mod>mode</mod></f><f n="_p_r_e_p.pyc" o="bruce" g="staff" p="33188"><mod>mode</mod></f><f n="_v_h_e_a.py" o="bruce" g="staff" p="33188"><mod>mode</mod></f><f n="_v_h_e_a.pyc" o="bruce" g="staff" p="33188"><mod>mode</mod></f><f n="_v_m_t_x.py" o="bruce" g="staff" p="33188"><mod>mode</mod></f><f n="_v_m_t_x.pyc" o="bruce" g="staff" p="33188"><mod>mode</mod></f><f n="asciiTable.py" o="bruce" g="staff" p="33188"><mod>mode</mod></f><f n="asciiTable.pyc" o="bruce" g="staff" p="33188"><mod>mode</mod></f><f n="B_A_S_E_.py" o="bruce" g="staff" p="33188"><mod>mode</mod></f><f n="B_A_S_E_.pyc" o="bruce" g="staff" p="33188"><mod>mode</mod></f><f n="C_F_F_.py" o="bruce" g="staff" p="33188"><mod>mode</mod></f><f n="C_F_F_.pyc" o="bruce" g="staff" p="33188"><mod>mode</mod></f><f n="D_S_I_G_.py" o="bruce" g="staff" p="33188"><mod>mode</mod></f><f n="D_S_I_G_.pyc" o="bruce" g="staff" p="33188"><mod>mode</mod></f><f n="DefaultTable.py" o="bruce" g="staff" p="33188"><mod>mode</mod></f><f n="DefaultTable.pyc" o="bruce" g="staff" p="33188"><mod>mode</mod></f><f n="G_D_E_F_.py" o="bruce" g="staff" p="33188"><mod>mode</mod></f><f n="G_D_E_F_.pyc" o="bruce" g="staff" p="33188"><mod>mode</mod></f><f n="G_M_A_P_.py" o="bruce" g="staff" p="33188"><mod>mode</mod></f><f n="G_M_A_P_.pyc" o="bruce" g="staff" p="33188"><mod>mode</mod></f><f n="G_P_K_G_.py" o="bruce" g="staff" p="33188"><mod>mode</mod></f><f n="G_P_K_G_.pyc" o="bruce" g="staff" p="33188"><mod>mode</mod></f><f n="G_P_O_S_.py" o="bruce" g="staff" p="33188"><mod>mode</mod></f><f n="G_P_O_S_.pyc" o="bruce" g="staff" p="33188"><mod>mode</mod></f><f n="G_S_U_B_.py" o="bruce" g="staff" p="33188"><mod>mode</mod></f><f n="G_S_U_B_.pyc" o="bruce" g="staff" p="33188"><mod>mode</mod></f><f n="J_S_T_F_.py" o="bruce" g="staff" p="33188"><mod>mode</mod></f><f n="J_S_T_F_.pyc" o="bruce" g="staff" p="33188"><mod>mode</mod></f><f n="L_T_S_H_.py" o="bruce" g="staff" p="33188"><mod>mode</mod></f><f n="L_T_S_H_.pyc" o="bruce" g="staff" p="33188"><mod>mode</mod></f><f n="M_E_T_A_.py" o="bruce" g="staff" p="33188"><mod>mode</mod></f><f n="M_E_T_A_.pyc" o="bruce" g="staff" p="33188"><mod>mode</mod></f><f n="O_S_2f_2.py" o="bruce" g="staff" p="33188"><mod>mode</mod></f><f n="O_S_2f_2.pyc" o="bruce" g="staff" p="33188"><mod>mode</mod></f><f n="otBase.py" o="bruce" g="staff" p="33188"><mod>mode</mod></f><f n="otBase.pyc" o="bruce" g="staff" p="33188"><mod>mode</mod></f><f n="otConverters.py" o="bruce" g="staff" p="33188"><mod>mode</mod></f><f n="otConverters.pyc" o="bruce" g="staff" p="33188"><mod>mode</mod></f><f n="otData.py" o="bruce" g="staff" p="33188"><mod>mode</mod></f><f n="otData.pyc" o="bruce" g="staff" p="33188"><mod>mode</mod></f><f n="otTables.py" o="bruce" g="staff" p="33188"><mod>mode</mod></f><f n="otTables.pyc" o="bruce" g="staff" p="33188"><mod>mode</mod></f><f n="S_I_N_G_.py" o="bruce" g="staff" p="33188"><mod>mode</mod></f><f n="S_I_N_G_.pyc" o="bruce" g="staff" p="33188"><mod>mode</mod></f><f n="T_S_I__0.py" o="bruce" g="staff" p="33188"><mod>mode</mod></f><f n="T_S_I__0.pyc" o="bruce" g="staff" p="33188"><mod>mode</mod></f><f n="T_S_I__1.py" o="bruce" g="staff" p="33188"><mod>mode</mod></f><f n="T_S_I__1.pyc" o="bruce" g="staff" p="33188"><mod>mode</mod></f><f n="T_S_I__2.py" o="bruce" g="staff" p="33188"><mod>mode</mod></f><f n="T_S_I__2.pyc" o="bruce" g="staff" p="33188"><mod>mode</mod></f><f n="T_S_I__3.py" o="bruce" g="staff" p="33188"><mod>mode</mod></f><f n="T_S_I__3.pyc" o="bruce" g="staff" p="33188"><mod>mode</mod></f><f n="T_S_I__5.py" o="bruce" g="staff" p="33188"><mod>mode</mod></f><f n="T_S_I__5.pyc" o="bruce" g="staff" p="33188"><mod>mode</mod></f><f n="T_S_I_B_.py" o="bruce" g="staff" p="33188"><mod>mode</mod></f><f n="T_S_I_B_.pyc" o="bruce" g="staff" p="33188"><mod>mode</mod></f><f n="T_S_I_D_.py" o="bruce" g="staff" p="33188"><mod>mode</mod></f><f n="T_S_I_D_.pyc" o="bruce" g="staff" p="33188"><mod>mode</mod></f><f n="T_S_I_J_.py" o="bruce" g="staff" p="33188"><mod>mode</mod></f><f n="T_S_I_J_.pyc" o="bruce" g="staff" p="33188"><mod>mode</mod></f><f n="T_S_I_P_.py" o="bruce" g="staff" p="33188"><mod>mode</mod></f><f n="T_S_I_P_.pyc" o="bruce" g="staff" p="33188"><mod>mode</mod></f><f n="T_S_I_S_.py" o="bruce" g="staff" p="33188"><mod>mode</mod></f><f n="T_S_I_S_.pyc" o="bruce" g="staff" p="33188"><mod>mode</mod></f><f n="T_S_I_V_.py" o="bruce" g="staff" p="33188"><mod>mode</mod></f><f n="T_S_I_V_.pyc" o="bruce" g="staff" p="33188"><mod>mode</mod></f><f n="ttProgram.py" o="bruce" g="staff" p="33188"><mod>mode</mod></f><f n="ttProgram.pyc" o="bruce" g="staff" p="33188"><mod>mode</mod></f><f n="V_O_R_G_.py" o="bruce" g="staff" p="33188"><mod>mode</mod></f><f n="V_O_R_G_.pyc" o="bruce" g="staff" p="33188"><mod>mode</mod></f></f><f n="test" o="bruce" g="staff" p="16877"><f n="__init__.py" o="bruce" g="staff" p="33188"><mod>mode</mod></f><f n="__init__.pyc" o="bruce" g="staff" p="33188"><mod>mode</mod></f><f n="ttBrowser.py" o="bruce" g="staff" p="33188"><mod>mode</mod></f><f n="ttBrowser.pyc" o="bruce" g="staff" p="33188"><mod>mode</mod></f></f><f n="xmlImport.py" o="bruce" g="staff" p="33188"><mod>mode</mod></f><f n="xmlImport.pyc" o="bruce" g="staff" p="33188"><mod>mode</mod></f><mod>mode</mod></f><f n="ttx.py" o="bruce" g="staff" p="33188"><mod>mode</mod></f><f n="ttx.pyc" o="bruce" g="staff" p="33188"><mod>mode</mod></f><f n="unicode.py" o="bruce" g="staff" p="33188"><mod>mode</mod></f><f n="unicode.pyc" o="bruce" g="staff" p="33188"><mod>mode</mod></f></f><f n="sstruct.py" o="bruce" g="staff" p="33188"><mod>mode</mod></f><f n="sstruct.pyc" o="bruce" g="staff" p="33188"><mod>mode</mod></f><f n="xmlWriter.py" o="bruce" g="staff" p="33188"><mod>mode</mod></f><f n="xmlWriter.pyc" o="bruce" g="staff" p="33188"><mod>mode</mod></f></f></pkg-contents>