<pkgref spec="1.12" uuid="B3929DCA-BFEF-4463-ABAC-ACF8AC9D3DC8"><config><identifier>org.vpython.vpython5.50.VPython-Py2.6.pkg</identifier><version>1.0</version><description></description><post-install type="none"/><requireAuthorization/><installFrom relative="true" mod="true">../../../../stage2.6/VPython-Py2.6</installFrom><installTo mod="true">/Applications/VPython-Py2.6</installTo><flags><followSymbolicLinks/></flags><packageStore type="internal"></packageStore><mod>installTo.path</mod><mod>installFrom.path</mod><mod>parent</mod><mod>installTo</mod><mod>identifier</mod></config><contents><file-list>11vpython-contents.xml</file-list><component id="org.python.VIDLE" path="/Users/bruce/Documents/workspace/stage2.6/VPython-Py2.6/VIDLE.app" version="2.6.4"><mod>isRelocatable</mod></component><filter>/CVS$</filter><filter>/\.svn$</filter><filter>/\.cvsignore$</filter><filter>/\.cvspass$</filter><filter>/\.DS_Store$</filter></contents></pkgref>