<pkgref spec="1.12" uuid="F5A13AFC-BFC1-4CD8-A5DB-22AF76890209"><config><identifier>org.vpython.vpython5.50.vis.pkg</identifier><version>1.0</version><description></description><post-install type="none"/><requireAuthorization/><installFrom relative="true" mod="true">../../../../stage2.6/vis</installFrom><installTo mod="true">/Library/Frameworks/Python.framework/Versions/2.6/lib/python2.6/site-packages/vis</installTo><flags><followSymbolicLinks/></flags><packageStore type="internal"></packageStore><mod>installTo.path</mod><mod>installFrom.path</mod><mod>parent</mod><mod>installTo</mod><mod>identifier</mod></config><contents><file-list>12vis-contents.xml</file-list><filter>/CVS$</filter><filter>/\.svn$</filter><filter>/\.cvsignore$</filter><filter>/\.cvspass$</filter><filter>/\.DS_Store$</filter></contents></pkgref>