<pkg-contents spec="1.12"><f n="visual" o="bruce" g="staff" p="16877" pt="/Users/bruce/Documents/workspace/stage2.6/visual" m="false" t="file"><f n=".DS_Store" o="bruce" g="staff" p="33188"/><f n="__init__.py" o="bruce" g="staff" p="33188"/><f n="__init__.pyc" o="bruce" g="staff" p="33188"/><f n="controls.py" o="bruce" g="staff" p="33188"/><f n="controls.pyc" o="bruce" g="staff" p="33188"/><f n="factorial.py" o="bruce" g="staff" p="33188"/><f n="factorial.pyc" o="bruce" g="staff" p="33188"/><f n="filedialog.py" o="bruce" g="staff" p="33188"/><f n="filedialog.pyc" o="bruce" g="staff" p="33188"/><f n="graph.py" o="bruce" g="staff" p="33188"/><f n="graph.pyc" o="bruce" g="staff" p="33188"/><f n="text.py" o="bruce" g="staff" p="33188"/><f n="text.pyc" o="bruce" g="staff" p="33188"/><f n="visual_all.py" o="bruce" g="staff" p="33188"/><f n="visual_all.pyc" o="bruce" g="staff" p="33188"/></f></pkg-contents>