<pkmkdoc spec="1.12"><properties><title>VPython 5.60</title><build>/Users/bruce/Documents/VPython-Mac-Py2.6-5.60.mpkg</build><organization>org.vpython</organization><userSees ui="both"/><min-target os="2"/><domain system="true"/></properties><distribution><versions min-spec="1.000000"/><scripts></scripts></distribution><description>VPython 5.60</description><contents><choice title="VIDLE -- improved IDLE program editor" id="choice17" tooltip="VIDLE -- improved version of IDLE program editor" description="VIDLE -- improved version of IDLE program editor" starts_selected="true" starts_enabled="true" starts_hidden="false"><pkgref id="org.vpython.vpython54.vidle.pkg"/></choice><choice title="numpy -- numeric arrray module used by VPython" id="choice88" starts_selected="true" starts_enabled="true" starts_hidden="false"><pkgref id="org.vpython.vpython560.numpy.pkg"/></choice><choice title="numpy-1.5.1-py2.6 -- part of numpy" id="choice89" starts_selected="true" starts_enabled="true" starts_hidden="false"><pkgref id="org.vpython.vpython560.numpy-1.5.1-py2.6.pkg"/></choice><choice title="ttfquery -- needed by text object" id="choice90" starts_selected="true" starts_enabled="true" starts_hidden="false"><pkgref id="org.vpython.vpython560.ttfquery.pkg"/></choice><choice title="FontTools -- needed by text object" id="choice94" starts_selected="true" starts_enabled="true" starts_hidden="false"><pkgref id="org.vpython.vpython560.FontTools.pkg"/></choice><choice title="Polygon -- needed by text object" id="choice97" starts_selected="true" starts_enabled="true" starts_hidden="false"><pkgref id="org.vpython.vpython560.Polygon.pkg"/></choice><choice title="Polygon-2.0.1-py2.5 -- needed by text object" id="choice98" starts_selected="true" starts_enabled="true" starts_hidden="false"><pkgref id="org.vpython.vpython54.Polygon-2.0.1-py2.6.pkg"/></choice><choice title="fonttools-2.3-py2.6 --needed by text object" id="choice99" starts_selected="true" starts_enabled="true" starts_hidden="false"><pkgref id="org.vpython.vpython54.fonttools-2.3-py2.6.pkg"/></choice><choice title="FontTools -- needed by text object" id="choice100" starts_selected="true" starts_enabled="true" starts_hidden="false"><pkgref id="org.vpython.vpython560.FontTools-1.pkg"/></choice><choice title="TTFQuery-1.0.4-py2.6 -- needed by text object" id="choice101" starts_selected="true" starts_enabled="true" starts_hidden="false"><pkgref id="org.vpython.vpython54.TTFQuery-1.0.4-py2.6.pkg"/></choice><choice title="VPython-Py2.6" id="choice156" starts_selected="true" starts_enabled="true" starts_hidden="false"><pkgref id="org.vpython.vpython5.50.VPython-Py2.6.pkg"/></choice><choice title="vis" id="choice157" starts_selected="true" starts_enabled="true" starts_hidden="false"><pkgref id="org.vpython.vpython5.50.vis.pkg"/></choice><choice title="visual" id="choice158" starts_selected="true" starts_enabled="true" starts_hidden="false"><pkgref id="org.vpython.vpython560.visual.pkg"/></choice></contents><resources bg-scale="none" bg-align="topleft"><locale lang="en"><resource relative="true" mod="true" type="welcome">Visual5_Python2.6_welcome.rtf</resource></locale></resources><requirements><requirement id="file" operator="eq" value="true"><file>/Library/Frameworks/Python.framework/Versions/2.6/bin/python2.6</file><message-title>Need Python 2.6 from python.org</message-title><message>Python 2.6 from python.org must be installed before installing VPython.</message></requirement></requirements><flags/><extra-files/><item type="file">01vidle.xml</item><item type="file">02numpy.xml</item><item type="file">03numpy.xml</item><item type="file">04ttfquery.xml</item><item type="file">05fonttools.xml</item><item type="file">06polygon.xml</item><item type="file">07polygon.xml</item><item type="file">08fonttools.xml</item><item type="file">09fonttools.xml</item><item type="file">10ttfquery.xml</item><item type="file">11vpython.xml</item><item type="file">12vis.xml</item><item type="file">13visual.xml</item><mod>description</mod><mod>properties.title</mod><mod>properties.userDomain</mod><mod>properties.customizeOption</mod><mod>extraFiles</mod><mod>properties.systemDomain</mod><mod>properties.anywhereDomain</mod></pkmkdoc>