<pkgref spec="1.12" uuid="3A811593-4D53-43C4-AA15-56D5A40524AC"><config><identifier>org.vpython.vpythonmac611py27.FontTools.pkg</identifier><version>1.0</version><description></description><post-install type="none"/><requireAuthorization/><installFrom relative="true">../../../../vpy-stage/site-packages/Font Tools</installFrom><installTo mod="true">/Library/Frameworks/Python.framework/Versions/2.7/lib/python2.7/site-packages</installTo><flags><followSymbolicLinks/></flags><packageStore type="internal"></packageStore><mod>installFrom.isRelativeType</mod><mod>parent</mod><mod>installTo</mod></config></pkgref>