<pkg-contents spec="1.12"><f n="Font Tools" o="root" g="admin" p="16877" pt="/Users/steve/Development/vpy-stage/site-packages/Font Tools" m="false" t="file"><f n="FontTools" o="root" g="admin" p="16877"><f n="fontTools" o="root" g="admin" p="16877"><f n="__init__.py" o="root" g="admin" p="33188"/><f n="__init__.pyc" o="root" g="admin" p="33188"/><f n="afmLib.py" o="root" g="admin" p="33188"/><f n="afmLib.pyc" o="root" g="admin" p="33188"/><f n="agl.py" o="root" g="admin" p="33188"/><f n="agl.pyc" o="root" g="admin" p="33188"/><f n="cffLib.py" o="root" g="admin" p="33188"/><f n="cffLib.pyc" o="root" g="admin" p="33188"/><f n="encodings" o="root" g="admin" p="16877"><f n="__init__.py" o="root" g="admin" p="33188"/><f n="__init__.pyc" o="root" g="admin" p="33188"/><f n="MacRoman.py" o="root" g="admin" p="33188"/><f n="MacRoman.pyc" o="root" g="admin" p="33188"/><f n="StandardEncoding.py" o="root" g="admin" p="33188"/><f n="StandardEncoding.pyc" o="root" g="admin" p="33188"/></f><f n="fondLib.py" o="root" g="admin" p="33188"/><f n="fondLib.pyc" o="root" g="admin" p="33188"/><f n="misc" o="root" g="admin" p="16877"><f n="__init__.py" o="root" g="admin" p="33188"/><f n="__init__.pyc" o="root" g="admin" p="33188"/><f n="arrayTools.py" o="root" g="admin" p="33188"/><f n="arrayTools.pyc" o="root" g="admin" p="33188"/><f n="bezierTools.py" o="root" g="admin" p="33188"/><f n="bezierTools.pyc" o="root" g="admin" p="33188"/><f n="eexec.py" o="root" g="admin" p="33188"/><f n="eexec.pyc" o="root" g="admin" p="33188"/><f n="eexecOp.so" o="root" g="admin" p="33261"/><f n="homeResFile.py" o="root" g="admin" p="33188"/><f n="homeResFile.pyc" o="root" g="admin" p="33188"/><f n="macCreatorType.py" o="root" g="admin" p="33188"/><f n="macCreatorType.pyc" o="root" g="admin" p="33188"/><f n="psCharStrings.py" o="root" g="admin" p="33188"/><f n="psCharStrings.pyc" o="root" g="admin" p="33188"/><f n="psLib.py" o="root" g="admin" p="33188"/><f n="psLib.pyc" o="root" g="admin" p="33188"/><f n="psOperators.py" o="root" g="admin" p="33188"/><f n="psOperators.pyc" o="root" g="admin" p="33188"/><f n="textTools.py" o="root" g="admin" p="33188"/><f n="textTools.pyc" o="root" g="admin" p="33188"/><f n="transform.py" o="root" g="admin" p="33188"/><f n="transform.pyc" o="root" g="admin" p="33188"/></f><f n="nfntLib.py" o="root" g="admin" p="33188"/><f n="nfntLib.pyc" o="root" g="admin" p="33188"/><f n="pens" o="root" g="admin" p="16877"><f n="__init__.py" o="root" g="admin" p="33188"/><f n="__init__.pyc" o="root" g="admin" p="33188"/><f n="basePen.py" o="root" g="admin" p="33188"/><f n="basePen.pyc" o="root" g="admin" p="33188"/><f n="boundsPen.py" o="root" g="admin" p="33188"/><f n="boundsPen.pyc" o="root" g="admin" p="33188"/><f n="cocoaPen.py" o="root" g="admin" p="33188"/><f n="cocoaPen.pyc" o="root" g="admin" p="33188"/><f n="pointInsidePen.py" o="root" g="admin" p="33188"/><f n="pointInsidePen.pyc" o="root" g="admin" p="33188"/><f n="reportLabPen.py" o="root" g="admin" p="33188"/><f n="reportLabPen.pyc" o="root" g="admin" p="33188"/><f n="transformPen.py" o="root" g="admin" p="33188"/><f n="transformPen.pyc" o="root" g="admin" p="33188"/></f><f n="t1Lib.py" o="root" g="admin" p="33188"/><f n="t1Lib.pyc" o="root" g="admin" p="33188"/><f n="ttLib" o="root" g="admin" p="16877"><f n="__init__.py" o="root" g="admin" p="33188"/><f n="__init__.pyc" o="root" g="admin" p="33188"/><f n="macUtils.py" o="root" g="admin" p="33188"/><f n="macUtils.pyc" o="root" g="admin" p="33188"/><f n="sfnt.py" o="root" g="admin" p="33188"/><f n="sfnt.pyc" o="root" g="admin" p="33188"/><f n="standardGlyphOrder.py" o="root" g="admin" p="33188"/><f n="standardGlyphOrder.pyc" o="root" g="admin" p="33188"/><f n="tables" o="root" g="admin" p="16877"><f n="__init__.py" o="root" g="admin" p="33188"/><f n="__init__.pyc" o="root" g="admin" p="33188"/><f n="_c_m_a_p.py" o="root" g="admin" p="33188"/><f n="_c_m_a_p.pyc" o="root" g="admin" p="33188"/><f n="_c_v_t.py" o="root" g="admin" p="33188"/><f n="_c_v_t.pyc" o="root" g="admin" p="33188"/><f n="_f_p_g_m.py" o="root" g="admin" p="33188"/><f n="_f_p_g_m.pyc" o="root" g="admin" p="33188"/><f n="_g_a_s_p.py" o="root" g="admin" p="33188"/><f n="_g_a_s_p.pyc" o="root" g="admin" p="33188"/><f n="_g_l_y_f.py" o="root" g="admin" p="33188"/><f n="_g_l_y_f.pyc" o="root" g="admin" p="33188"/><f n="_h_d_m_x.py" o="root" g="admin" p="33188"/><f n="_h_d_m_x.pyc" o="root" g="admin" p="33188"/><f n="_h_e_a_d.py" o="root" g="admin" p="33188"/><f n="_h_e_a_d.pyc" o="root" g="admin" p="33188"/><f n="_h_h_e_a.py" o="root" g="admin" p="33188"/><f n="_h_h_e_a.pyc" o="root" g="admin" p="33188"/><f n="_h_m_t_x.py" o="root" g="admin" p="33188"/><f n="_h_m_t_x.pyc" o="root" g="admin" p="33188"/><f n="_k_e_r_n.py" o="root" g="admin" p="33188"/><f n="_k_e_r_n.pyc" o="root" g="admin" p="33188"/><f n="_l_o_c_a.py" o="root" g="admin" p="33188"/><f n="_l_o_c_a.pyc" o="root" g="admin" p="33188"/><f n="_m_a_x_p.py" o="root" g="admin" p="33188"/><f n="_m_a_x_p.pyc" o="root" g="admin" p="33188"/><f n="_n_a_m_e.py" o="root" g="admin" p="33188"/><f n="_n_a_m_e.pyc" o="root" g="admin" p="33188"/><f n="_p_o_s_t.py" o="root" g="admin" p="33188"/><f n="_p_o_s_t.pyc" o="root" g="admin" p="33188"/><f n="_p_r_e_p.py" o="root" g="admin" p="33188"/><f n="_p_r_e_p.pyc" o="root" g="admin" p="33188"/><f n="_v_h_e_a.py" o="root" g="admin" p="33188"/><f n="_v_h_e_a.pyc" o="root" g="admin" p="33188"/><f n="_v_m_t_x.py" o="root" g="admin" p="33188"/><f n="_v_m_t_x.pyc" o="root" g="admin" p="33188"/><f n="asciiTable.py" o="root" g="admin" p="33188"/><f n="asciiTable.pyc" o="root" g="admin" p="33188"/><f n="B_A_S_E_.py" o="root" g="admin" p="33188"/><f n="B_A_S_E_.pyc" o="root" g="admin" p="33188"/><f n="C_F_F_.py" o="root" g="admin" p="33188"/><f n="C_F_F_.pyc" o="root" g="admin" p="33188"/><f n="D_S_I_G_.py" o="root" g="admin" p="33188"/><f n="D_S_I_G_.pyc" o="root" g="admin" p="33188"/><f n="DefaultTable.py" o="root" g="admin" p="33188"/><f n="DefaultTable.pyc" o="root" g="admin" p="33188"/><f n="G_D_E_F_.py" o="root" g="admin" p="33188"/><f n="G_D_E_F_.pyc" o="root" g="admin" p="33188"/><f n="G_M_A_P_.py" o="root" g="admin" p="33188"/><f n="G_M_A_P_.pyc" o="root" g="admin" p="33188"/><f n="G_P_K_G_.py" o="root" g="admin" p="33188"/><f n="G_P_K_G_.pyc" o="root" g="admin" p="33188"/><f n="G_P_O_S_.py" o="root" g="admin" p="33188"/><f n="G_P_O_S_.pyc" o="root" g="admin" p="33188"/><f n="G_S_U_B_.py" o="root" g="admin" p="33188"/><f n="G_S_U_B_.pyc" o="root" g="admin" p="33188"/><f n="J_S_T_F_.py" o="root" g="admin" p="33188"/><f n="J_S_T_F_.pyc" o="root" g="admin" p="33188"/><f n="L_T_S_H_.py" o="root" g="admin" p="33188"/><f n="L_T_S_H_.pyc" o="root" g="admin" p="33188"/><f n="M_E_T_A_.py" o="root" g="admin" p="33188"/><f n="M_E_T_A_.pyc" o="root" g="admin" p="33188"/><f n="O_S_2f_2.py" o="root" g="admin" p="33188"/><f n="O_S_2f_2.pyc" o="root" g="admin" p="33188"/><f n="otBase.py" o="root" g="admin" p="33188"/><f n="otBase.pyc" o="root" g="admin" p="33188"/><f n="otConverters.py" o="root" g="admin" p="33188"/><f n="otConverters.pyc" o="root" g="admin" p="33188"/><f n="otData.py" o="root" g="admin" p="33188"/><f n="otData.pyc" o="root" g="admin" p="33188"/><f n="otTables.py" o="root" g="admin" p="33188"/><f n="otTables.pyc" o="root" g="admin" p="33188"/><f n="S_I_N_G_.py" o="root" g="admin" p="33188"/><f n="S_I_N_G_.pyc" o="root" g="admin" p="33188"/><f n="T_S_I__0.py" o="root" g="admin" p="33188"/><f n="T_S_I__0.pyc" o="root" g="admin" p="33188"/><f n="T_S_I__1.py" o="root" g="admin" p="33188"/><f n="T_S_I__1.pyc" o="root" g="admin" p="33188"/><f n="T_S_I__2.py" o="root" g="admin" p="33188"/><f n="T_S_I__2.pyc" o="root" g="admin" p="33188"/><f n="T_S_I__3.py" o="root" g="admin" p="33188"/><f n="T_S_I__3.pyc" o="root" g="admin" p="33188"/><f n="T_S_I__5.py" o="root" g="admin" p="33188"/><f n="T_S_I__5.pyc" o="root" g="admin" p="33188"/><f n="T_S_I_B_.py" o="root" g="admin" p="33188"/><f n="T_S_I_B_.pyc" o="root" g="admin" p="33188"/><f n="T_S_I_D_.py" o="root" g="admin" p="33188"/><f n="T_S_I_D_.pyc" o="root" g="admin" p="33188"/><f n="T_S_I_J_.py" o="root" g="admin" p="33188"/><f n="T_S_I_J_.pyc" o="root" g="admin" p="33188"/><f n="T_S_I_P_.py" o="root" g="admin" p="33188"/><f n="T_S_I_P_.pyc" o="root" g="admin" p="33188"/><f n="T_S_I_S_.py" o="root" g="admin" p="33188"/><f n="T_S_I_S_.pyc" o="root" g="admin" p="33188"/><f n="T_S_I_V_.py" o="root" g="admin" p="33188"/><f n="T_S_I_V_.pyc" o="root" g="admin" p="33188"/><f n="ttProgram.py" o="root" g="admin" p="33188"/><f n="ttProgram.pyc" o="root" g="admin" p="33188"/><f n="V_O_R_G_.py" o="root" g="admin" p="33188"/><f n="V_O_R_G_.pyc" o="root" g="admin" p="33188"/></f><f n="test" o="root" g="admin" p="16877"><f n="__init__.py" o="root" g="admin" p="33188"/><f n="__init__.pyc" o="root" g="admin" p="33188"/><f n="ttBrowser.py" o="root" g="admin" p="33188"/><f n="ttBrowser.pyc" o="root" g="admin" p="33188"/></f><f n="xmlImport.py" o="root" g="admin" p="33188"/><f n="xmlImport.pyc" o="root" g="admin" p="33188"/></f><f n="ttx.py" o="root" g="admin" p="33188"/><f n="ttx.pyc" o="root" g="admin" p="33188"/><f n="unicode.py" o="root" g="admin" p="33188"/><f n="unicode.pyc" o="root" g="admin" p="33188"/></f><f n="FontTools-2.4-py2.7.egg-info" o="root" g="admin" p="16877"><f n="dependency_links.txt" o="root" g="admin" p="33188"/><f n="installed-files.txt" o="root" g="admin" p="33188"/><f n="PKG-INFO" o="root" g="admin" p="33188"/><f n="requires.txt" o="root" g="admin" p="33188"/><f n="SOURCES.txt" o="root" g="admin" p="33188"/><f n="top_level.txt" o="root" g="admin" p="33188"/></f><f n="sstruct.py" o="root" g="admin" p="33188"/><f n="sstruct.pyc" o="root" g="admin" p="33188"/><f n="xmlWriter.py" o="root" g="admin" p="33188"/><f n="xmlWriter.pyc" o="root" g="admin" p="33188"/></f><f n="FontTools.pth" o="root" g="admin" p="33188"/></f></pkg-contents>