<pkg-contents spec="1.12"><f n="Polygon" o="root" g="admin" p="16877" pt="/Users/steve/Development/vpy-stage/site-packages/Polygon" m="false" t="file"><f n="Polygon" o="root" g="admin" p="16877"><f n="__init__.py" o="root" g="admin" p="33188"/><f n="__init__.pyc" o="root" g="admin" p="33188"/><f n="cPolygon.so" o="root" g="admin" p="33261"/><f n="IO.py" o="root" g="admin" p="33188"/><f n="IO.pyc" o="root" g="admin" p="33188"/><f n="Shapes.py" o="root" g="admin" p="33188"/><f n="Shapes.pyc" o="root" g="admin" p="33188"/><f n="Utils.py" o="root" g="admin" p="33188"/><f n="Utils.pyc" o="root" g="admin" p="33188"/></f><f n="Polygon2-2.0.7-py2.7.egg-info" o="root" g="admin" p="16877"><f n="dependency_links.txt" o="root" g="admin" p="33188"/><f n="installed-files.txt" o="root" g="admin" p="33188"/><f n="PKG-INFO" o="root" g="admin" p="33188"/><f n="SOURCES.txt" o="root" g="admin" p="33188"/><f n="top_level.txt" o="root" g="admin" p="33188"/></f></f></pkg-contents>