<pkg-contents spec="1.12"><f n="TTF Query" o="root" g="admin" p="16877" pt="/Users/steve/Development/vpy-stage/site-packages/TTF Query" m="false" t="file"><f n="ttfquery" o="root" g="admin" p="16877"><f n="__init__.py" o="root" g="admin" p="33188"/><f n="__init__.pyc" o="root" g="admin" p="33188"/><f n="_scriptregistry.py" o="root" g="admin" p="33188"/><f n="_scriptregistry.pyc" o="root" g="admin" p="33188"/><f n="describe.py" o="root" g="admin" p="33188"/><f n="describe.pyc" o="root" g="admin" p="33188"/><f n="findsystem.py" o="root" g="admin" p="33188"/><f n="findsystem.pyc" o="root" g="admin" p="33188"/><f n="glyph.py" o="root" g="admin" p="33188"/><f n="glyph.pyc" o="root" g="admin" p="33188"/><f n="glyphquery.py" o="root" g="admin" p="33188"/><f n="glyphquery.pyc" o="root" g="admin" p="33188"/><f n="guessdescription.py" o="root" g="admin" p="33188"/><f n="guessdescription.pyc" o="root" g="admin" p="33188"/><f n="ttffamily.py" o="root" g="admin" p="33188"/><f n="ttffamily.pyc" o="root" g="admin" p="33188"/><f n="ttffiles.py" o="root" g="admin" p="33188"/><f n="ttffiles.pyc" o="root" g="admin" p="33188"/><f n="ttfgroups.py" o="root" g="admin" p="33188"/><f n="ttfgroups.pyc" o="root" g="admin" p="33188"/><f n="ttfmetadata.py" o="root" g="admin" p="33188"/><f n="ttfmetadata.pyc" o="root" g="admin" p="33188"/></f><f n="TTFQuery-1.0.5-py2.7.egg-info" o="root" g="admin" p="16877"><f n="dependency_links.txt" o="root" g="admin" p="33188"/><f n="installed-files.txt" o="root" g="admin" p="33188"/><f n="PKG-INFO" o="root" g="admin" p="33188"/><f n="SOURCES.txt" o="root" g="admin" p="33188"/><f n="top_level.txt" o="root" g="admin" p="33188"/></f></f></pkg-contents>