<pkgref spec="1.12" uuid="09067793-285D-41B8-B193-0E489C65C7E1"><config><identifier>org.vpython.vpythonmac611py27.wx-redirect.pkg</identifier><version>1.0</version><description></description><post-install type="none"/><requireAuthorization/><installFrom relative="true">../../../../vpy-stage/site-packages/wx-redirect</installFrom><installTo mod="true">/Library/Frameworks/Python.framework/Versions/2.7/lib/python2.7/site-packages</installTo><flags><followSymbolicLinks/></flags><packageStore type="internal"></packageStore><mod>installTo</mod><mod>installFrom.isRelativeType</mod><mod>parent</mod></config><contents><file-list>04wx-contents.xml</file-list><filter>/CVS$</filter><filter>/\.svn$</filter><filter>/\.cvsignore$</filter><filter>/\.cvspass$</filter><filter>/\.DS_Store$</filter></contents></pkgref>