<pkg-contents spec="1.12"><f n="numpy" o="root" g="admin" p="16877" pt="/Users/steve/Development/vpy-stage/site-packages/numpy" m="false" t="file"><f n="numpy" o="root" g="admin" p="16877"><f n="__config__.py" o="root" g="admin" p="33188"/><f n="__config__.pyc" o="root" g="admin" p="33188"/><f n="__init__.py" o="root" g="admin" p="33188"/><f n="__init__.pyc" o="root" g="admin" p="33188"/><f n="_import_tools.py" o="root" g="admin" p="33188"/><f n="_import_tools.pyc" o="root" g="admin" p="33188"/><f n="add_newdocs.py" o="root" g="admin" p="33188"/><f n="add_newdocs.pyc" o="root" g="admin" p="33188"/><f n="compat" o="root" g="admin" p="16877"><f n="__init__.py" o="root" g="admin" p="33188"/><f n="__init__.pyc" o="root" g="admin" p="33188"/><f n="_inspect.py" o="root" g="admin" p="33188"/><f n="_inspect.pyc" o="root" g="admin" p="33188"/><f n="py3k.py" o="root" g="admin" p="33188"/><f n="py3k.pyc" o="root" g="admin" p="33188"/><f n="setup.py" o="root" g="admin" p="33188"/><f n="setup.pyc" o="root" g="admin" p="33188"/></f><f n="core" o="root" g="admin" p="16877"><f n="__init__.py" o="root" g="admin" p="33188"/><f n="__init__.pyc" o="root" g="admin" p="33188"/><f n="_dotblas.so" o="root" g="admin" p="33188"/><f n="_dummy.so" o="root" g="admin" p="33188"/><f n="_internal.py" o="root" g="admin" p="33188"/><f n="_internal.pyc" o="root" g="admin" p="33188"/><f n="_methods.py" o="root" g="admin" p="33188"/><f n="_methods.pyc" o="root" g="admin" p="33188"/><f n="arrayprint.py" o="root" g="admin" p="33188"/><f n="arrayprint.pyc" o="root" g="admin" p="33188"/><f n="cversions.py" o="root" g="admin" p="33188"/><f n="cversions.pyc" o="root" g="admin" p="33188"/><f n="defchararray.py" o="root" g="admin" p="33188"/><f n="defchararray.pyc" o="root" g="admin" p="33188"/><f n="fromnumeric.py" o="root" g="admin" p="33188"/><f n="fromnumeric.pyc" o="root" g="admin" p="33188"/><f n="function_base.py" o="root" g="admin" p="33188"/><f n="function_base.pyc" o="root" g="admin" p="33188"/><f n="generate_numpy_api.py" o="root" g="admin" p="33188"/><f n="generate_numpy_api.pyc" o="root" g="admin" p="33188"/><f n="getlimits.py" o="root" g="admin" p="33188"/><f n="getlimits.pyc" o="root" g="admin" p="33188"/><f n="include" o="root" g="admin" p="16877"><f n="numpy" o="root" g="admin" p="16877"><f n="__multiarray_api.h" o="root" g="admin" p="33188"/><f n="__ufunc_api.h" o="root" g="admin" p="33188"/><f n="_neighborhood_iterator_imp.h" o="root" g="admin" p="33188"/><f n="_numpyconfig.h" o="root" g="admin" p="33188"/><f n="arrayobject.h" o="root" g="admin" p="33188"/><f n="arrayscalars.h" o="root" g="admin" p="33188"/><f n="halffloat.h" o="root" g="admin" p="33188"/><f n="multiarray_api.txt" o="root" g="admin" p="33188"/><f n="ndarrayobject.h" o="root" g="admin" p="33188"/><f n="ndarraytypes.h" o="root" g="admin" p="33188"/><f n="noprefix.h" o="root" g="admin" p="33188"/><f n="npy_1_7_deprecated_api.h" o="root" g="admin" p="33188"/><f n="npy_3kcompat.h" o="root" g="admin" p="33188"/><f n="npy_common.h" o="root" g="admin" p="33188"/><f n="npy_cpu.h" o="root" g="admin" p="33188"/><f n="npy_endian.h" o="root" g="admin" p="33188"/><f n="npy_interrupt.h" o="root" g="admin" p="33188"/><f n="npy_math.h" o="root" g="admin" p="33188"/><f n="npy_no_deprecated_api.h" o="root" g="admin" p="33188"/><f n="npy_os.h" o="root" g="admin" p="33188"/><f n="numpyconfig.h" o="root" g="admin" p="33188"/><f n="old_defines.h" o="root" g="admin" p="33188"/><f n="oldnumeric.h" o="root" g="admin" p="33188"/><f n="ufunc_api.txt" o="root" g="admin" p="33188"/><f n="ufuncobject.h" o="root" g="admin" p="33188"/><f n="utils.h" o="root" g="admin" p="33188"/></f></f><f n="info.py" o="root" g="admin" p="33188"/><f n="info.pyc" o="root" g="admin" p="33188"/><f n="lib" o="root" g="admin" p="16877"><f n="libnpymath.a" o="root" g="admin" p="33188"/><f n="npy-pkg-config" o="root" g="admin" p="16877"><f n="mlib.ini" o="root" g="admin" p="33188"/><f n="npymath.ini" o="root" g="admin" p="33188"/></f></f><f n="machar.py" o="root" g="admin" p="33188"/><f n="machar.pyc" o="root" g="admin" p="33188"/><f n="memmap.py" o="root" g="admin" p="33188"/><f n="memmap.pyc" o="root" g="admin" p="33188"/><f n="multiarray.so" o="root" g="admin" p="33188"/><f n="multiarray_tests.so" o="root" g="admin" p="33188"/><f n="numeric.py" o="root" g="admin" p="33188"/><f n="numeric.pyc" o="root" g="admin" p="33188"/><f n="numerictypes.py" o="root" g="admin" p="33188"/><f n="numerictypes.pyc" o="root" g="admin" p="33188"/><f n="operand_flag_tests.so" o="root" g="admin" p="33188"/><f n="records.py" o="root" g="admin" p="33188"/><f n="records.pyc" o="root" g="admin" p="33188"/><f n="scalarmath.so" o="root" g="admin" p="33188"/><f n="setup.py" o="root" g="admin" p="33188"/><f n="setup.pyc" o="root" g="admin" p="33188"/><f n="setup_common.py" o="root" g="admin" p="33188"/><f n="setup_common.pyc" o="root" g="admin" p="33188"/><f n="shape_base.py" o="root" g="admin" p="33188"/><f n="shape_base.pyc" o="root" g="admin" p="33188"/><f n="struct_ufunc_test.so" o="root" g="admin" p="33188"/><f n="test_rational.so" o="root" g="admin" p="33188"/><f n="tests" o="root" g="admin" p="16877"><f n="data" o="root" g="admin" p="16877"><f n="astype_copy.pkl" o="root" g="admin" p="33188"/><f n="recarray_from_file.fits" o="root" g="admin" p="33188"/></f><f n="test_abc.py" o="root" g="admin" p="33188"/><f n="test_abc.pyc" o="root" g="admin" p="33188"/><f n="test_api.py" o="root" g="admin" p="33188"/><f n="test_api.pyc" o="root" g="admin" p="33188"/><f n="test_arrayprint.py" o="root" g="admin" p="33188"/><f n="test_arrayprint.pyc" o="root" g="admin" p="33188"/><f n="test_blasdot.py" o="root" g="admin" p="33188"/><f n="test_blasdot.pyc" o="root" g="admin" p="33188"/><f n="test_datetime.py" o="root" g="admin" p="33188"/><f n="test_datetime.pyc" o="root" g="admin" p="33188"/><f n="test_defchararray.py" o="root" g="admin" p="33188"/><f n="test_defchararray.pyc" o="root" g="admin" p="33188"/><f n="test_deprecations.py" o="root" g="admin" p="33188"/><f n="test_deprecations.pyc" o="root" g="admin" p="33188"/><f n="test_dtype.py" o="root" g="admin" p="33188"/><f n="test_dtype.pyc" o="root" g="admin" p="33188"/><f n="test_einsum.py" o="root" g="admin" p="33188"/><f n="test_einsum.pyc" o="root" g="admin" p="33188"/><f n="test_errstate.py" o="root" g="admin" p="33188"/><f n="test_errstate.pyc" o="root" g="admin" p="33188"/><f n="test_function_base.py" o="root" g="admin" p="33188"/><f n="test_function_base.pyc" o="root" g="admin" p="33188"/><f n="test_getlimits.py" o="root" g="admin" p="33188"/><f n="test_getlimits.pyc" o="root" g="admin" p="33188"/><f n="test_half.py" o="root" g="admin" p="33188"/><f n="test_half.pyc" o="root" g="admin" p="33188"/><f n="test_indexerrors.py" o="root" g="admin" p="33188"/><f n="test_indexerrors.pyc" o="root" g="admin" p="33188"/><f n="test_indexing.py" o="root" g="admin" p="33188"/><f n="test_indexing.pyc" o="root" g="admin" p="33188"/><f n="test_item_selection.py" o="root" g="admin" p="33188"/><f n="test_item_selection.pyc" o="root" g="admin" p="33188"/><f n="test_machar.py" o="root" g="admin" p="33188"/><f n="test_machar.pyc" o="root" g="admin" p="33188"/><f n="test_memmap.py" o="root" g="admin" p="33188"/><f n="test_memmap.pyc" o="root" g="admin" p="33188"/><f n="test_multiarray.py" o="root" g="admin" p="33188"/><f n="test_multiarray.pyc" o="root" g="admin" p="33188"/><f n="test_multiarray_assignment.py" o="root" g="admin" p="33188"/><f n="test_multiarray_assignment.pyc" o="root" g="admin" p="33188"/><f n="test_nditer.py" o="root" g="admin" p="33188"/><f n="test_nditer.pyc" o="root" g="admin" p="33188"/><f n="test_numeric.py" o="root" g="admin" p="33188"/><f n="test_numeric.pyc" o="root" g="admin" p="33188"/><f n="test_numerictypes.py" o="root" g="admin" p="33188"/><f n="test_numerictypes.pyc" o="root" g="admin" p="33188"/><f n="test_print.py" o="root" g="admin" p="33188"/><f n="test_print.pyc" o="root" g="admin" p="33188"/><f n="test_records.py" o="root" g="admin" p="33188"/><f n="test_records.pyc" o="root" g="admin" p="33188"/><f n="test_regression.py" o="root" g="admin" p="33188"/><f n="test_regression.pyc" o="root" g="admin" p="33188"/><f n="test_scalarinherit.py" o="root" g="admin" p="33188"/><f n="test_scalarinherit.pyc" o="root" g="admin" p="33188"/><f n="test_scalarmath.py" o="root" g="admin" p="33188"/><f n="test_scalarmath.pyc" o="root" g="admin" p="33188"/><f n="test_scalarprint.py" o="root" g="admin" p="33188"/><f n="test_scalarprint.pyc" o="root" g="admin" p="33188"/><f n="test_shape_base.py" o="root" g="admin" p="33188"/><f n="test_shape_base.pyc" o="root" g="admin" p="33188"/><f n="test_ufunc.py" o="root" g="admin" p="33188"/><f n="test_ufunc.pyc" o="root" g="admin" p="33188"/><f n="test_umath.py" o="root" g="admin" p="33188"/><f n="test_umath.pyc" o="root" g="admin" p="33188"/><f n="test_umath_complex.py" o="root" g="admin" p="33188"/><f n="test_umath_complex.pyc" o="root" g="admin" p="33188"/><f n="test_unicode.py" o="root" g="admin" p="33188"/><f n="test_unicode.pyc" o="root" g="admin" p="33188"/></f><f n="umath.so" o="root" g="admin" p="33188"/><f n="umath_tests.so" o="root" g="admin" p="33188"/></f><f n="ctypeslib.py" o="root" g="admin" p="33188"/><f n="ctypeslib.pyc" o="root" g="admin" p="33188"/><f n="distutils" o="root" g="admin" p="16877"><f n="__config__.py" o="root" g="admin" p="33188"/><f n="__config__.pyc" o="root" g="admin" p="33188"/><f n="__init__.py" o="root" g="admin" p="33188"/><f n="__init__.pyc" o="root" g="admin" p="33188"/><f n="__version__.py" o="root" g="admin" p="33188"/><f n="__version__.pyc" o="root" g="admin" p="33188"/><f n="ccompiler.py" o="root" g="admin" p="33188"/><f n="ccompiler.pyc" o="root" g="admin" p="33188"/><f n="command" o="root" g="admin" p="16877"><f n="__init__.py" o="root" g="admin" p="33188"/><f n="__init__.pyc" o="root" g="admin" p="33188"/><f n="autodist.py" o="root" g="admin" p="33188"/><f n="autodist.pyc" o="root" g="admin" p="33188"/><f n="bdist_rpm.py" o="root" g="admin" p="33188"/><f n="bdist_rpm.pyc" o="root" g="admin" p="33188"/><f n="build.py" o="root" g="admin" p="33188"/><f n="build.pyc" o="root" g="admin" p="33188"/><f n="build_clib.py" o="root" g="admin" p="33188"/><f n="build_clib.pyc" o="root" g="admin" p="33188"/><f n="build_ext.py" o="root" g="admin" p="33188"/><f n="build_ext.pyc" o="root" g="admin" p="33188"/><f n="build_py.py" o="root" g="admin" p="33188"/><f n="build_py.pyc" o="root" g="admin" p="33188"/><f n="build_scripts.py" o="root" g="admin" p="33188"/><f n="build_scripts.pyc" o="root" g="admin" p="33188"/><f n="build_src.py" o="root" g="admin" p="33188"/><f n="build_src.pyc" o="root" g="admin" p="33188"/><f n="config.py" o="root" g="admin" p="33188"/><f n="config.pyc" o="root" g="admin" p="33188"/><f n="config_compiler.py" o="root" g="admin" p="33188"/><f n="config_compiler.pyc" o="root" g="admin" p="33188"/><f n="develop.py" o="root" g="admin" p="33188"/><f n="develop.pyc" o="root" g="admin" p="33188"/><f n="egg_info.py" o="root" g="admin" p="33188"/><f n="egg_info.pyc" o="root" g="admin" p="33188"/><f n="install.py" o="root" g="admin" p="33188"/><f n="install.pyc" o="root" g="admin" p="33188"/><f n="install_clib.py" o="root" g="admin" p="33188"/><f n="install_clib.pyc" o="root" g="admin" p="33188"/><f n="install_data.py" o="root" g="admin" p="33188"/><f n="install_data.pyc" o="root" g="admin" p="33188"/><f n="install_headers.py" o="root" g="admin" p="33188"/><f n="install_headers.pyc" o="root" g="admin" p="33188"/><f n="sdist.py" o="root" g="admin" p="33188"/><f n="sdist.pyc" o="root" g="admin" p="33188"/></f><f n="compat.py" o="root" g="admin" p="33188"/><f n="compat.pyc" o="root" g="admin" p="33188"/><f n="conv_template.py" o="root" g="admin" p="33188"/><f n="conv_template.pyc" o="root" g="admin" p="33188"/><f n="core.py" o="root" g="admin" p="33188"/><f n="core.pyc" o="root" g="admin" p="33188"/><f n="cpuinfo.py" o="root" g="admin" p="33188"/><f n="cpuinfo.pyc" o="root" g="admin" p="33188"/><f n="environment.py" o="root" g="admin" p="33188"/><f n="environment.pyc" o="root" g="admin" p="33188"/><f n="exec_command.py" o="root" g="admin" p="33188"/><f n="exec_command.pyc" o="root" g="admin" p="33188"/><f n="extension.py" o="root" g="admin" p="33188"/><f n="extension.pyc" o="root" g="admin" p="33188"/><f n="fcompiler" o="root" g="admin" p="16877"><f n="__init__.py" o="root" g="admin" p="33188"/><f n="__init__.pyc" o="root" g="admin" p="33188"/><f n="absoft.py" o="root" g="admin" p="33188"/><f n="absoft.pyc" o="root" g="admin" p="33188"/><f n="compaq.py" o="root" g="admin" p="33188"/><f n="compaq.pyc" o="root" g="admin" p="33188"/><f n="g95.py" o="root" g="admin" p="33188"/><f n="g95.pyc" o="root" g="admin" p="33188"/><f n="gnu.py" o="root" g="admin" p="33188"/><f n="gnu.pyc" o="root" g="admin" p="33188"/><f n="hpux.py" o="root" g="admin" p="33188"/><f n="hpux.pyc" o="root" g="admin" p="33188"/><f n="ibm.py" o="root" g="admin" p="33188"/><f n="ibm.pyc" o="root" g="admin" p="33188"/><f n="intel.py" o="root" g="admin" p="33188"/><f n="intel.pyc" o="root" g="admin" p="33188"/><f n="lahey.py" o="root" g="admin" p="33188"/><f n="lahey.pyc" o="root" g="admin" p="33188"/><f n="mips.py" o="root" g="admin" p="33188"/><f n="mips.pyc" o="root" g="admin" p="33188"/><f n="nag.py" o="root" g="admin" p="33188"/><f n="nag.pyc" o="root" g="admin" p="33188"/><f n="none.py" o="root" g="admin" p="33188"/><f n="none.pyc" o="root" g="admin" p="33188"/><f n="pathf95.py" o="root" g="admin" p="33188"/><f n="pathf95.pyc" o="root" g="admin" p="33188"/><f n="pg.py" o="root" g="admin" p="33188"/><f n="pg.pyc" o="root" g="admin" p="33188"/><f n="sun.py" o="root" g="admin" p="33188"/><f n="sun.pyc" o="root" g="admin" p="33188"/><f n="vast.py" o="root" g="admin" p="33188"/><f n="vast.pyc" o="root" g="admin" p="33188"/></f><f n="from_template.py" o="root" g="admin" p="33188"/><f n="from_template.pyc" o="root" g="admin" p="33188"/><f n="info.py" o="root" g="admin" p="33188"/><f n="info.pyc" o="root" g="admin" p="33188"/><f n="intelccompiler.py" o="root" g="admin" p="33188"/><f n="intelccompiler.pyc" o="root" g="admin" p="33188"/><f n="lib2def.py" o="root" g="admin" p="33188"/><f n="lib2def.pyc" o="root" g="admin" p="33188"/><f n="line_endings.py" o="root" g="admin" p="33188"/><f n="line_endings.pyc" o="root" g="admin" p="33188"/><f n="log.py" o="root" g="admin" p="33188"/><f n="log.pyc" o="root" g="admin" p="33188"/><f n="mingw" o="root" g="admin" p="16877"><f n="gfortran_vs2003_hack.c" o="root" g="admin" p="33188"/></f><f n="mingw32ccompiler.py" o="root" g="admin" p="33188"/><f n="mingw32ccompiler.pyc" o="root" g="admin" p="33188"/><f n="misc_util.py" o="root" g="admin" p="33188"/><f n="misc_util.pyc" o="root" g="admin" p="33188"/><f n="npy_pkg_config.py" o="root" g="admin" p="33188"/><f n="npy_pkg_config.pyc" o="root" g="admin" p="33188"/><f n="numpy_distribution.py" o="root" g="admin" p="33188"/><f n="numpy_distribution.pyc" o="root" g="admin" p="33188"/><f n="pathccompiler.py" o="root" g="admin" p="33188"/><f n="pathccompiler.pyc" o="root" g="admin" p="33188"/><f n="setup.py" o="root" g="admin" p="33188"/><f n="setup.pyc" o="root" g="admin" p="33188"/><f n="system_info.py" o="root" g="admin" p="33188"/><f n="system_info.pyc" o="root" g="admin" p="33188"/><f n="tests" o="root" g="admin" p="16877"><f n="f2py_ext" o="root" g="admin" p="16877"><f n="__init__.py" o="root" g="admin" p="33188"/><f n="__init__.pyc" o="root" g="admin" p="33188"/><f n="setup.py" o="root" g="admin" p="33188"/><f n="setup.pyc" o="root" g="admin" p="33188"/><f n="src" o="root" g="admin" p="16877"><f n="fib1.f" o="root" g="admin" p="33188"/><f n="fib2.pyf" o="root" g="admin" p="33188"/></f><f n="tests" o="root" g="admin" p="16877"><f n="test_fib2.py" o="root" g="admin" p="33188"/><f n="test_fib2.pyc" o="root" g="admin" p="33188"/></f></f><f n="f2py_f90_ext" o="root" g="admin" p="16877"><f n="__init__.py" o="root" g="admin" p="33188"/><f n="__init__.pyc" o="root" g="admin" p="33188"/><f n="include" o="root" g="admin" p="16877"><f n="body.f90" o="root" g="admin" p="33188"/></f><f n="setup.py" o="root" g="admin" p="33188"/><f n="setup.pyc" o="root" g="admin" p="33188"/><f n="src" o="root" g="admin" p="16877"><f n="foo_free.f90" o="root" g="admin" p="33188"/></f><f n="tests" o="root" g="admin" p="16877"><f n="test_foo.py" o="root" g="admin" p="33188"/><f n="test_foo.pyc" o="root" g="admin" p="33188"/></f></f><f n="gen_ext" o="root" g="admin" p="16877"><f n="__init__.py" o="root" g="admin" p="33188"/><f n="__init__.pyc" o="root" g="admin" p="33188"/><f n="setup.py" o="root" g="admin" p="33188"/><f n="setup.pyc" o="root" g="admin" p="33188"/><f n="tests" o="root" g="admin" p="16877"><f n="test_fib3.py" o="root" g="admin" p="33188"/><f n="test_fib3.pyc" o="root" g="admin" p="33188"/></f></f><f n="pyrex_ext" o="root" g="admin" p="16877"><f n="__init__.py" o="root" g="admin" p="33188"/><f n="__init__.pyc" o="root" g="admin" p="33188"/><f n="primes.pyx" o="root" g="admin" p="33188"/><f n="setup.py" o="root" g="admin" p="33188"/><f n="setup.pyc" o="root" g="admin" p="33188"/><f n="tests" o="root" g="admin" p="16877"><f n="test_primes.py" o="root" g="admin" p="33188"/><f n="test_primes.pyc" o="root" g="admin" p="33188"/></f></f><f n="setup.py" o="root" g="admin" p="33188"/><f n="setup.pyc" o="root" g="admin" p="33188"/><f n="swig_ext" o="root" g="admin" p="16877"><f n="__init__.py" o="root" g="admin" p="33188"/><f n="__init__.pyc" o="root" g="admin" p="33188"/><f n="setup.py" o="root" g="admin" p="33188"/><f n="setup.pyc" o="root" g="admin" p="33188"/><f n="src" o="root" g="admin" p="16877"><f n="example.c" o="root" g="admin" p="33188"/><f n="example.i" o="root" g="admin" p="33188"/><f n="zoo.cc" o="root" g="admin" p="33188"/><f n="zoo.h" o="root" g="admin" p="33188"/><f n="zoo.i" o="root" g="admin" p="33188"/></f><f n="tests" o="root" g="admin" p="16877"><f n="test_example.py" o="root" g="admin" p="33188"/><f n="test_example.pyc" o="root" g="admin" p="33188"/><f n="test_example2.py" o="root" g="admin" p="33188"/><f n="test_example2.pyc" o="root" g="admin" p="33188"/></f></f><f n="test_exec_command.py" o="root" g="admin" p="33188"/><f n="test_exec_command.pyc" o="root" g="admin" p="33188"/><f n="test_fcompiler_gnu.py" o="root" g="admin" p="33188"/><f n="test_fcompiler_gnu.pyc" o="root" g="admin" p="33188"/><f n="test_fcompiler_intel.py" o="root" g="admin" p="33188"/><f n="test_fcompiler_intel.pyc" o="root" g="admin" p="33188"/><f n="test_misc_util.py" o="root" g="admin" p="33188"/><f n="test_misc_util.pyc" o="root" g="admin" p="33188"/><f n="test_npy_pkg_config.py" o="root" g="admin" p="33188"/><f n="test_npy_pkg_config.pyc" o="root" g="admin" p="33188"/></f><f n="unixccompiler.py" o="root" g="admin" p="33188"/><f n="unixccompiler.pyc" o="root" g="admin" p="33188"/></f><f n="doc" o="root" g="admin" p="16877"><f n="__init__.py" o="root" g="admin" p="33188"/><f n="__init__.pyc" o="root" g="admin" p="33188"/><f n="basics.py" o="root" g="admin" p="33188"/><f n="basics.pyc" o="root" g="admin" p="33188"/><f n="broadcasting.py" o="root" g="admin" p="33188"/><f n="broadcasting.pyc" o="root" g="admin" p="33188"/><f n="byteswapping.py" o="root" g="admin" p="33188"/><f n="byteswapping.pyc" o="root" g="admin" p="33188"/><f n="constants.py" o="root" g="admin" p="33188"/><f n="constants.pyc" o="root" g="admin" p="33188"/><f n="creation.py" o="root" g="admin" p="33188"/><f n="creation.pyc" o="root" g="admin" p="33188"/><f n="glossary.py" o="root" g="admin" p="33188"/><f n="glossary.pyc" o="root" g="admin" p="33188"/><f n="howtofind.py" o="root" g="admin" p="33188"/><f n="howtofind.pyc" o="root" g="admin" p="33188"/><f n="indexing.py" o="root" g="admin" p="33188"/><f n="indexing.pyc" o="root" g="admin" p="33188"/><f n="internals.py" o="root" g="admin" p="33188"/><f n="internals.pyc" o="root" g="admin" p="33188"/><f n="io.py" o="root" g="admin" p="33188"/><f n="io.pyc" o="root" g="admin" p="33188"/><f n="jargon.py" o="root" g="admin" p="33188"/><f n="jargon.pyc" o="root" g="admin" p="33188"/><f n="methods_vs_functions.py" o="root" g="admin" p="33188"/><f n="methods_vs_functions.pyc" o="root" g="admin" p="33188"/><f n="misc.py" o="root" g="admin" p="33188"/><f n="misc.pyc" o="root" g="admin" p="33188"/><f n="performance.py" o="root" g="admin" p="33188"/><f n="performance.pyc" o="root" g="admin" p="33188"/><f n="structured_arrays.py" o="root" g="admin" p="33188"/><f n="structured_arrays.pyc" o="root" g="admin" p="33188"/><f n="subclassing.py" o="root" g="admin" p="33188"/><f n="subclassing.pyc" o="root" g="admin" p="33188"/><f n="ufuncs.py" o="root" g="admin" p="33188"/><f n="ufuncs.pyc" o="root" g="admin" p="33188"/></f><f n="dual.py" o="root" g="admin" p="33188"/><f n="dual.pyc" o="root" g="admin" p="33188"/><f n="f2py" o="root" g="admin" p="16877"><f n="__init__.py" o="root" g="admin" p="33188"/><f n="__init__.pyc" o="root" g="admin" p="33188"/><f n="__version__.py" o="root" g="admin" p="33188"/><f n="__version__.pyc" o="root" g="admin" p="33188"/><f n="auxfuncs.py" o="root" g="admin" p="33188"/><f n="auxfuncs.pyc" o="root" g="admin" p="33188"/><f n="capi_maps.py" o="root" g="admin" p="33188"/><f n="capi_maps.pyc" o="root" g="admin" p="33188"/><f n="cb_rules.py" o="root" g="admin" p="33188"/><f n="cb_rules.pyc" o="root" g="admin" p="33188"/><f n="cfuncs.py" o="root" g="admin" p="33188"/><f n="cfuncs.pyc" o="root" g="admin" p="33188"/><f n="common_rules.py" o="root" g="admin" p="33188"/><f n="common_rules.pyc" o="root" g="admin" p="33188"/><f n="crackfortran.py" o="root" g="admin" p="33188"/><f n="crackfortran.pyc" o="root" g="admin" p="33188"/><f n="diagnose.py" o="root" g="admin" p="33188"/><f n="diagnose.pyc" o="root" g="admin" p="33188"/><f n="f2py2e.py" o="root" g="admin" p="33188"/><f n="f2py2e.pyc" o="root" g="admin" p="33188"/><f n="f2py_testing.py" o="root" g="admin" p="33188"/><f n="f2py_testing.pyc" o="root" g="admin" p="33188"/><f n="f90mod_rules.py" o="root" g="admin" p="33188"/><f n="f90mod_rules.pyc" o="root" g="admin" p="33188"/><f n="func2subr.py" o="root" g="admin" p="33188"/><f n="func2subr.pyc" o="root" g="admin" p="33188"/><f n="info.py" o="root" g="admin" p="33188"/><f n="info.pyc" o="root" g="admin" p="33188"/><f n="rules.py" o="root" g="admin" p="33188"/><f n="rules.pyc" o="root" g="admin" p="33188"/><f n="setup.py" o="root" g="admin" p="33188"/><f n="setup.pyc" o="root" g="admin" p="33188"/><f n="src" o="root" g="admin" p="16877"><f n="fortranobject.c" o="root" g="admin" p="33188"/><f n="fortranobject.h" o="root" g="admin" p="33188"/></f><f n="tests" o="root" g="admin" p="16877"><f n="src" o="root" g="admin" p="16877"><f n="array_from_pyobj" o="root" g="admin" p="16877"><f n="wrapmodule.c" o="root" g="admin" p="33188"/></f><f n="assumed_shape" o="root" g="admin" p="16877"><f n=".f2py_f2cmap" o="root" g="admin" p="33188"/><f n="foo_free.f90" o="root" g="admin" p="33188"/><f n="foo_mod.f90" o="root" g="admin" p="33188"/><f n="foo_use.f90" o="root" g="admin" p="33188"/><f n="precision.f90" o="root" g="admin" p="33188"/></f><f n="kind" o="root" g="admin" p="16877"><f n="foo.f90" o="root" g="admin" p="33188"/></f><f n="mixed" o="root" g="admin" p="16877"><f n="foo.f" o="root" g="admin" p="33188"/><f n="foo_fixed.f90" o="root" g="admin" p="33188"/><f n="foo_free.f90" o="root" g="admin" p="33188"/></f><f n="regression" o="root" g="admin" p="16877"><f n="inout.f90" o="root" g="admin" p="33188"/></f><f n="size" o="root" g="admin" p="16877"><f n="foo.f90" o="root" g="admin" p="33188"/></f></f><f n="test_array_from_pyobj.py" o="root" g="admin" p="33188"/><f n="test_array_from_pyobj.pyc" o="root" g="admin" p="33188"/><f n="test_assumed_shape.py" o="root" g="admin" p="33188"/><f n="test_assumed_shape.pyc" o="root" g="admin" p="33188"/><f n="test_callback.py" o="root" g="admin" p="33188"/><f n="test_callback.pyc" o="root" g="admin" p="33188"/><f n="test_kind.py" o="root" g="admin" p="33188"/><f n="test_kind.pyc" o="root" g="admin" p="33188"/><f n="test_mixed.py" o="root" g="admin" p="33188"/><f n="test_mixed.pyc" o="root" g="admin" p="33188"/><f n="test_regression.py" o="root" g="admin" p="33188"/><f n="test_regression.pyc" o="root" g="admin" p="33188"/><f n="test_return_character.py" o="root" g="admin" p="33188"/><f n="test_return_character.pyc" o="root" g="admin" p="33188"/><f n="test_return_complex.py" o="root" g="admin" p="33188"/><f n="test_return_complex.pyc" o="root" g="admin" p="33188"/><f n="test_return_integer.py" o="root" g="admin" p="33188"/><f n="test_return_integer.pyc" o="root" g="admin" p="33188"/><f n="test_return_logical.py" o="root" g="admin" p="33188"/><f n="test_return_logical.pyc" o="root" g="admin" p="33188"/><f n="test_return_real.py" o="root" g="admin" p="33188"/><f n="test_return_real.pyc" o="root" g="admin" p="33188"/><f n="test_size.py" o="root" g="admin" p="33188"/><f n="test_size.pyc" o="root" g="admin" p="33188"/><f n="util.py" o="root" g="admin" p="33188"/><f n="util.pyc" o="root" g="admin" p="33188"/></f><f n="use_rules.py" o="root" g="admin" p="33188"/><f n="use_rules.pyc" o="root" g="admin" p="33188"/></f><f n="fft" o="root" g="admin" p="16877"><f n="__init__.py" o="root" g="admin" p="33188"/><f n="__init__.pyc" o="root" g="admin" p="33188"/><f n="fftpack.py" o="root" g="admin" p="33188"/><f n="fftpack.pyc" o="root" g="admin" p="33188"/><f n="fftpack_lite.so" o="root" g="admin" p="33188"/><f n="helper.py" o="root" g="admin" p="33188"/><f n="helper.pyc" o="root" g="admin" p="33188"/><f n="info.py" o="root" g="admin" p="33188"/><f n="info.pyc" o="root" g="admin" p="33188"/><f n="setup.py" o="root" g="admin" p="33188"/><f n="setup.pyc" o="root" g="admin" p="33188"/><f n="tests" o="root" g="admin" p="16877"><f n="test_fftpack.py" o="root" g="admin" p="33188"/><f n="test_fftpack.pyc" o="root" g="admin" p="33188"/><f n="test_helper.py" o="root" g="admin" p="33188"/><f n="test_helper.pyc" o="root" g="admin" p="33188"/></f></f><f n="lib" o="root" g="admin" p="16877"><f n="__init__.py" o="root" g="admin" p="33188"/><f n="__init__.pyc" o="root" g="admin" p="33188"/><f n="_compiled_base.so" o="root" g="admin" p="33188"/><f n="_datasource.py" o="root" g="admin" p="33188"/><f n="_datasource.pyc" o="root" g="admin" p="33188"/><f n="_iotools.py" o="root" g="admin" p="33188"/><f n="_iotools.pyc" o="root" g="admin" p="33188"/><f n="_version.py" o="root" g="admin" p="33188"/><f n="_version.pyc" o="root" g="admin" p="33188"/><f n="arraypad.py" o="root" g="admin" p="33188"/><f n="arraypad.pyc" o="root" g="admin" p="33188"/><f n="arraysetops.py" o="root" g="admin" p="33188"/><f n="arraysetops.pyc" o="root" g="admin" p="33188"/><f n="arrayterator.py" o="root" g="admin" p="33188"/><f n="arrayterator.pyc" o="root" g="admin" p="33188"/><f n="financial.py" o="root" g="admin" p="33188"/><f n="financial.pyc" o="root" g="admin" p="33188"/><f n="format.py" o="root" g="admin" p="33188"/><f n="format.pyc" o="root" g="admin" p="33188"/><f n="function_base.py" o="root" g="admin" p="33188"/><f n="function_base.pyc" o="root" g="admin" p="33188"/><f n="index_tricks.py" o="root" g="admin" p="33188"/><f n="index_tricks.pyc" o="root" g="admin" p="33188"/><f n="info.py" o="root" g="admin" p="33188"/><f n="info.pyc" o="root" g="admin" p="33188"/><f n="nanfunctions.py" o="root" g="admin" p="33188"/><f n="nanfunctions.pyc" o="root" g="admin" p="33188"/><f n="npyio.py" o="root" g="admin" p="33188"/><f n="npyio.pyc" o="root" g="admin" p="33188"/><f n="polynomial.py" o="root" g="admin" p="33188"/><f n="polynomial.pyc" o="root" g="admin" p="33188"/><f n="recfunctions.py" o="root" g="admin" p="33188"/><f n="recfunctions.pyc" o="root" g="admin" p="33188"/><f n="scimath.py" o="root" g="admin" p="33188"/><f n="scimath.pyc" o="root" g="admin" p="33188"/><f n="setup.py" o="root" g="admin" p="33188"/><f n="setup.pyc" o="root" g="admin" p="33188"/><f n="shape_base.py" o="root" g="admin" p="33188"/><f n="shape_base.pyc" o="root" g="admin" p="33188"/><f n="stride_tricks.py" o="root" g="admin" p="33188"/><f n="stride_tricks.pyc" o="root" g="admin" p="33188"/><f n="tests" o="root" g="admin" p="16877"><f n="data" o="root" g="admin" p="16877"><f n="python3.npy" o="root" g="admin" p="33188"/><f n="win64python2.npy" o="root" g="admin" p="33188"/></f><f n="test__datasource.py" o="root" g="admin" p="33188"/><f n="test__datasource.pyc" o="root" g="admin" p="33188"/><f n="test__iotools.py" o="root" g="admin" p="33188"/><f n="test__iotools.pyc" o="root" g="admin" p="33188"/><f n="test__version.py" o="root" g="admin" p="33188"/><f n="test__version.pyc" o="root" g="admin" p="33188"/><f n="test_arraypad.py" o="root" g="admin" p="33188"/><f n="test_arraypad.pyc" o="root" g="admin" p="33188"/><f n="test_arraysetops.py" o="root" g="admin" p="33188"/><f n="test_arraysetops.pyc" o="root" g="admin" p="33188"/><f n="test_arrayterator.py" o="root" g="admin" p="33188"/><f n="test_arrayterator.pyc" o="root" g="admin" p="33188"/><f n="test_financial.py" o="root" g="admin" p="33188"/><f n="test_financial.pyc" o="root" g="admin" p="33188"/><f n="test_format.py" o="root" g="admin" p="33188"/><f n="test_format.pyc" o="root" g="admin" p="33188"/><f n="test_function_base.py" o="root" g="admin" p="33188"/><f n="test_function_base.pyc" o="root" g="admin" p="33188"/><f n="test_index_tricks.py" o="root" g="admin" p="33188"/><f n="test_index_tricks.pyc" o="root" g="admin" p="33188"/><f n="test_io.py" o="root" g="admin" p="33188"/><f n="test_io.pyc" o="root" g="admin" p="33188"/><f n="test_nanfunctions.py" o="root" g="admin" p="33188"/><f n="test_nanfunctions.pyc" o="root" g="admin" p="33188"/><f n="test_polynomial.py" o="root" g="admin" p="33188"/><f n="test_polynomial.pyc" o="root" g="admin" p="33188"/><f n="test_recfunctions.py" o="root" g="admin" p="33188"/><f n="test_recfunctions.pyc" o="root" g="admin" p="33188"/><f n="test_regression.py" o="root" g="admin" p="33188"/><f n="test_regression.pyc" o="root" g="admin" p="33188"/><f n="test_shape_base.py" o="root" g="admin" p="33188"/><f n="test_shape_base.pyc" o="root" g="admin" p="33188"/><f n="test_stride_tricks.py" o="root" g="admin" p="33188"/><f n="test_stride_tricks.pyc" o="root" g="admin" p="33188"/><f n="test_twodim_base.py" o="root" g="admin" p="33188"/><f n="test_twodim_base.pyc" o="root" g="admin" p="33188"/><f n="test_type_check.py" o="root" g="admin" p="33188"/><f n="test_type_check.pyc" o="root" g="admin" p="33188"/><f n="test_ufunclike.py" o="root" g="admin" p="33188"/><f n="test_ufunclike.pyc" o="root" g="admin" p="33188"/><f n="test_utils.py" o="root" g="admin" p="33188"/><f n="test_utils.pyc" o="root" g="admin" p="33188"/></f><f n="twodim_base.py" o="root" g="admin" p="33188"/><f n="twodim_base.pyc" o="root" g="admin" p="33188"/><f n="type_check.py" o="root" g="admin" p="33188"/><f n="type_check.pyc" o="root" g="admin" p="33188"/><f n="ufunclike.py" o="root" g="admin" p="33188"/><f n="ufunclike.pyc" o="root" g="admin" p="33188"/><f n="user_array.py" o="root" g="admin" p="33188"/><f n="user_array.pyc" o="root" g="admin" p="33188"/><f n="utils.py" o="root" g="admin" p="33188"/><f n="utils.pyc" o="root" g="admin" p="33188"/></f><f n="linalg" o="root" g="admin" p="16877"><f n="__init__.py" o="root" g="admin" p="33188"/><f n="__init__.pyc" o="root" g="admin" p="33188"/><f n="_umath_linalg.so" o="root" g="admin" p="33188"/><f n="info.py" o="root" g="admin" p="33188"/><f n="info.pyc" o="root" g="admin" p="33188"/><f n="lapack_lite.so" o="root" g="admin" p="33188"/><f n="linalg.py" o="root" g="admin" p="33188"/><f n="linalg.pyc" o="root" g="admin" p="33188"/><f n="setup.py" o="root" g="admin" p="33188"/><f n="setup.pyc" o="root" g="admin" p="33188"/><f n="tests" o="root" g="admin" p="16877"><f n="test_build.py" o="root" g="admin" p="33188"/><f n="test_build.pyc" o="root" g="admin" p="33188"/><f n="test_deprecations.py" o="root" g="admin" p="33188"/><f n="test_deprecations.pyc" o="root" g="admin" p="33188"/><f n="test_linalg.py" o="root" g="admin" p="33188"/><f n="test_linalg.pyc" o="root" g="admin" p="33188"/><f n="test_regression.py" o="root" g="admin" p="33188"/><f n="test_regression.pyc" o="root" g="admin" p="33188"/></f></f><f n="ma" o="root" g="admin" p="16877"><f n="__init__.py" o="root" g="admin" p="33188"/><f n="__init__.pyc" o="root" g="admin" p="33188"/><f n="bench.py" o="root" g="admin" p="33188"/><f n="bench.pyc" o="root" g="admin" p="33188"/><f n="core.py" o="root" g="admin" p="33188"/><f n="core.pyc" o="root" g="admin" p="33188"/><f n="extras.py" o="root" g="admin" p="33188"/><f n="extras.pyc" o="root" g="admin" p="33188"/><f n="mrecords.py" o="root" g="admin" p="33188"/><f n="mrecords.pyc" o="root" g="admin" p="33188"/><f n="setup.py" o="root" g="admin" p="33188"/><f n="setup.pyc" o="root" g="admin" p="33188"/><f n="tests" o="root" g="admin" p="16877"><f n="test_core.py" o="root" g="admin" p="33188"/><f n="test_core.pyc" o="root" g="admin" p="33188"/><f n="test_extras.py" o="root" g="admin" p="33188"/><f n="test_extras.pyc" o="root" g="admin" p="33188"/><f n="test_mrecords.py" o="root" g="admin" p="33188"/><f n="test_mrecords.pyc" o="root" g="admin" p="33188"/><f n="test_old_ma.py" o="root" g="admin" p="33188"/><f n="test_old_ma.pyc" o="root" g="admin" p="33188"/><f n="test_regression.py" o="root" g="admin" p="33188"/><f n="test_regression.pyc" o="root" g="admin" p="33188"/><f n="test_subclassing.py" o="root" g="admin" p="33188"/><f n="test_subclassing.pyc" o="root" g="admin" p="33188"/></f><f n="testutils.py" o="root" g="admin" p="33188"/><f n="testutils.pyc" o="root" g="admin" p="33188"/><f n="timer_comparison.py" o="root" g="admin" p="33188"/><f n="timer_comparison.pyc" o="root" g="admin" p="33188"/><f n="version.py" o="root" g="admin" p="33188"/><f n="version.pyc" o="root" g="admin" p="33188"/></f><f n="matlib.py" o="root" g="admin" p="33188"/><f n="matlib.pyc" o="root" g="admin" p="33188"/><f n="matrixlib" o="root" g="admin" p="16877"><f n="__init__.py" o="root" g="admin" p="33188"/><f n="__init__.pyc" o="root" g="admin" p="33188"/><f n="defmatrix.py" o="root" g="admin" p="33188"/><f n="defmatrix.pyc" o="root" g="admin" p="33188"/><f n="setup.py" o="root" g="admin" p="33188"/><f n="setup.pyc" o="root" g="admin" p="33188"/><f n="tests" o="root" g="admin" p="16877"><f n="test_defmatrix.py" o="root" g="admin" p="33188"/><f n="test_defmatrix.pyc" o="root" g="admin" p="33188"/><f n="test_multiarray.py" o="root" g="admin" p="33188"/><f n="test_multiarray.pyc" o="root" g="admin" p="33188"/><f n="test_numeric.py" o="root" g="admin" p="33188"/><f n="test_numeric.pyc" o="root" g="admin" p="33188"/><f n="test_regression.py" o="root" g="admin" p="33188"/><f n="test_regression.pyc" o="root" g="admin" p="33188"/></f></f><f n="polynomial" o="root" g="admin" p="16877"><f n="__init__.py" o="root" g="admin" p="33188"/><f n="__init__.pyc" o="root" g="admin" p="33188"/><f n="_polybase.py" o="root" g="admin" p="33188"/><f n="_polybase.pyc" o="root" g="admin" p="33188"/><f n="chebyshev.py" o="root" g="admin" p="33188"/><f n="chebyshev.pyc" o="root" g="admin" p="33188"/><f n="hermite.py" o="root" g="admin" p="33188"/><f n="hermite.pyc" o="root" g="admin" p="33188"/><f n="hermite_e.py" o="root" g="admin" p="33188"/><f n="hermite_e.pyc" o="root" g="admin" p="33188"/><f n="laguerre.py" o="root" g="admin" p="33188"/><f n="laguerre.pyc" o="root" g="admin" p="33188"/><f n="legendre.py" o="root" g="admin" p="33188"/><f n="legendre.pyc" o="root" g="admin" p="33188"/><f n="polynomial.py" o="root" g="admin" p="33188"/><f n="polynomial.pyc" o="root" g="admin" p="33188"/><f n="polytemplate.py" o="root" g="admin" p="33188"/><f n="polytemplate.pyc" o="root" g="admin" p="33188"/><f n="polyutils.py" o="root" g="admin" p="33188"/><f n="polyutils.pyc" o="root" g="admin" p="33188"/><f n="setup.py" o="root" g="admin" p="33188"/><f n="setup.pyc" o="root" g="admin" p="33188"/><f n="tests" o="root" g="admin" p="16877"><f n="test_chebyshev.py" o="root" g="admin" p="33188"/><f n="test_chebyshev.pyc" o="root" g="admin" p="33188"/><f n="test_classes.py" o="root" g="admin" p="33188"/><f n="test_classes.pyc" o="root" g="admin" p="33188"/><f n="test_hermite.py" o="root" g="admin" p="33188"/><f n="test_hermite.pyc" o="root" g="admin" p="33188"/><f n="test_hermite_e.py" o="root" g="admin" p="33188"/><f n="test_hermite_e.pyc" o="root" g="admin" p="33188"/><f n="test_laguerre.py" o="root" g="admin" p="33188"/><f n="test_laguerre.pyc" o="root" g="admin" p="33188"/><f n="test_legendre.py" o="root" g="admin" p="33188"/><f n="test_legendre.pyc" o="root" g="admin" p="33188"/><f n="test_polynomial.py" o="root" g="admin" p="33188"/><f n="test_polynomial.pyc" o="root" g="admin" p="33188"/><f n="test_polyutils.py" o="root" g="admin" p="33188"/><f n="test_polyutils.pyc" o="root" g="admin" p="33188"/><f n="test_printing.py" o="root" g="admin" p="33188"/><f n="test_printing.pyc" o="root" g="admin" p="33188"/></f></f><f n="random" o="root" g="admin" p="16877"><f n="__init__.py" o="root" g="admin" p="33188"/><f n="__init__.pyc" o="root" g="admin" p="33188"/><f n="info.py" o="root" g="admin" p="33188"/><f n="info.pyc" o="root" g="admin" p="33188"/><f n="mtrand.so" o="root" g="admin" p="33188"/><f n="randomkit.h" o="root" g="admin" p="33188"/><f n="setup.py" o="root" g="admin" p="33188"/><f n="setup.pyc" o="root" g="admin" p="33188"/><f n="tests" o="root" g="admin" p="16877"><f n="test_random.py" o="root" g="admin" p="33188"/><f n="test_random.pyc" o="root" g="admin" p="33188"/><f n="test_regression.py" o="root" g="admin" p="33188"/><f n="test_regression.pyc" o="root" g="admin" p="33188"/></f></f><f n="setup.py" o="root" g="admin" p="33188"/><f n="setup.pyc" o="root" g="admin" p="33188"/><f n="testing" o="root" g="admin" p="16877"><f n="__init__.py" o="root" g="admin" p="33188"/><f n="__init__.pyc" o="root" g="admin" p="33188"/><f n="decorators.py" o="root" g="admin" p="33188"/><f n="decorators.pyc" o="root" g="admin" p="33188"/><f n="noseclasses.py" o="root" g="admin" p="33188"/><f n="noseclasses.pyc" o="root" g="admin" p="33188"/><f n="nosetester.py" o="root" g="admin" p="33188"/><f n="nosetester.pyc" o="root" g="admin" p="33188"/><f n="print_coercion_tables.py" o="root" g="admin" p="33188"/><f n="print_coercion_tables.pyc" o="root" g="admin" p="33188"/><f n="setup.py" o="root" g="admin" p="33188"/><f n="setup.pyc" o="root" g="admin" p="33188"/><f n="tests" o="root" g="admin" p="16877"><f n="test_decorators.py" o="root" g="admin" p="33188"/><f n="test_decorators.pyc" o="root" g="admin" p="33188"/><f n="test_doctesting.py" o="root" g="admin" p="33188"/><f n="test_doctesting.pyc" o="root" g="admin" p="33188"/><f n="test_utils.py" o="root" g="admin" p="33188"/><f n="test_utils.pyc" o="root" g="admin" p="33188"/></f><f n="utils.py" o="root" g="admin" p="33188"/><f n="utils.pyc" o="root" g="admin" p="33188"/></f><f n="tests" o="root" g="admin" p="16877"><f n="test_ctypeslib.py" o="root" g="admin" p="33188"/><f n="test_ctypeslib.pyc" o="root" g="admin" p="33188"/><f n="test_matlib.py" o="root" g="admin" p="33188"/><f n="test_matlib.pyc" o="root" g="admin" p="33188"/></f><f n="version.py" o="root" g="admin" p="33188"/><f n="version.pyc" o="root" g="admin" p="33188"/></f><f n="numpy-1.9.1.dist-info" o="root" g="admin" p="16877"><f n="DESCRIPTION.rst" o="root" g="admin" p="33188"/><f n="METADATA" o="root" g="admin" p="33188"/><f n="metadata.json" o="root" g="admin" p="33188"/><f n="RECORD" o="root" g="admin" p="33188"/><f n="top_level.txt" o="root" g="admin" p="33188"/><f n="WHEEL" o="root" g="admin" p="33188"/></f></f></pkg-contents>