<pkg-contents spec="1.12"><f n="VIdle" o="steve" g="staff" p="16877" pt="/Users/steve/Development/vpy-stage/VIdle" m="false" t="file"><f n="VIDLE-Py2.7.app" o="root" g="admin" p="16877"><f n="Contents" o="root" g="admin" p="16877"><f n="Info.plist" o="root" g="admin" p="33188"/><f n="MacOS" o="root" g="admin" p="16877"><f n="VIDLE" o="root" g="admin" p="33261"/></f><f n="PkgInfo" o="root" g="admin" p="33188"/><f n="Resources" o="root" g="admin" p="16877"><f n="IDLE.icns" o="root" g="admin" p="33188"/><f n="idle.py" o="root" g="admin" p="33188"/><f n="PythonCompiled.icns" o="root" g="admin" p="33188"/><f n="PythonSource.icns" o="root" g="admin" p="33188"/></f></f></f></f></pkg-contents>