<pkg-contents spec="1.12"><f n="Visual Extension" o="root" g="admin" p="16893" pt="/Users/steve/Development/vpy-stage/site-packages/Visual Extension" m="false" t="file"><f n="._VPython.pth.aufoSY" o="root" g="admin" p="33204"/><f n="VPython-6.11-py2.7-macosx-10.6-intel.egg" o="root" g="admin" p="16893"><f n="EGG-INFO" o="root" g="admin" p="16893"><f n="dependency_links.txt" o="root" g="admin" p="33204"/><f n="native_libs.txt" o="root" g="admin" p="33204"/><f n="not-zip-safe" o="root" g="admin" p="33204"/><f n="PKG-INFO" o="root" g="admin" p="33204"/><f n="SOURCES.txt" o="root" g="admin" p="33204"/><f n="top_level.txt" o="root" g="admin" p="33204"/></f><f n="vidle" o="root" g="admin" p="16893"><f n="__init__.py" o="root" g="admin" p="33204"/><f n="__init__.pyc" o="root" g="admin" p="33204"/><f n="aboutDialog.py" o="root" g="admin" p="33204"/><f n="aboutDialog.pyc" o="root" g="admin" p="33204"/><f n="AutoComplete.py" o="root" g="admin" p="33204"/><f n="AutoComplete.pyc" o="root" g="admin" p="33204"/><f n="AutoCompleteWindow.py" o="root" g="admin" p="33204"/><f n="AutoCompleteWindow.pyc" o="root" g="admin" p="33204"/><f n="AutoExpand.py" o="root" g="admin" p="33204"/><f n="AutoExpand.pyc" o="root" g="admin" p="33204"/><f n="Bindings.py" o="root" g="admin" p="33204"/><f n="Bindings.pyc" o="root" g="admin" p="33204"/><f n="CallTips.py" o="root" g="admin" p="33204"/><f n="CallTips.pyc" o="root" g="admin" p="33204"/><f n="CallTipWindow.py" o="root" g="admin" p="33204"/><f n="CallTipWindow.pyc" o="root" g="admin" p="33204"/><f n="ClassBrowser.py" o="root" g="admin" p="33204"/><f n="ClassBrowser.pyc" o="root" g="admin" p="33204"/><f n="CodeContext.py" o="root" g="admin" p="33204"/><f n="CodeContext.pyc" o="root" g="admin" p="33204"/><f n="ColorDelegator.py" o="root" g="admin" p="33204"/><f n="ColorDelegator.pyc" o="root" g="admin" p="33204"/><f n="config-extensions.def" o="root" g="admin" p="33204"/><f n="config-highlight.def" o="root" g="admin" p="33204"/><f n="config-keys.def" o="root" g="admin" p="33204"/><f n="config-main.def" o="root" g="admin" p="33204"/><f n="config-main.def.orig" o="root" g="admin" p="33204"/><f n="configDialog.py" o="root" g="admin" p="33204"/><f n="configDialog.pyc" o="root" g="admin" p="33204"/><f n="configHandler.py" o="root" g="admin" p="33204"/><f n="configHandler.pyc" o="root" g="admin" p="33204"/><f n="configHelpSourceEdit.py" o="root" g="admin" p="33204"/><f n="configHelpSourceEdit.pyc" o="root" g="admin" p="33204"/><f n="configSectionNameDialog.py" o="root" g="admin" p="33204"/><f n="configSectionNameDialog.pyc" o="root" g="admin" p="33204"/><f n="CREDITS.txt" o="root" g="admin" p="33204"/><f n="Debugger.py" o="root" g="admin" p="33204"/><f n="Debugger.pyc" o="root" g="admin" p="33204"/><f n="Delegator.py" o="root" g="admin" p="33204"/><f n="Delegator.pyc" o="root" g="admin" p="33204"/><f n="dynOptionMenuWidget.py" o="root" g="admin" p="33204"/><f n="dynOptionMenuWidget.pyc" o="root" g="admin" p="33204"/><f n="EditorWindow.py" o="root" g="admin" p="33204"/><f n="EditorWindow.pyc" o="root" g="admin" p="33204"/><f n="extend.txt" o="root" g="admin" p="33204"/><f n="FileList.py" o="root" g="admin" p="33204"/><f n="FileList.pyc" o="root" g="admin" p="33204"/><f n="FileRevert.py" o="root" g="admin" p="33204"/><f n="FileRevert.pyc" o="root" g="admin" p="33204"/><f n="FormatParagraph.py" o="root" g="admin" p="33204"/><f n="FormatParagraph.pyc" o="root" g="admin" p="33204"/><f n="GrepDialog.py" o="root" g="admin" p="33204"/><f n="GrepDialog.pyc" o="root" g="admin" p="33204"/><f n="help.txt" o="root" g="admin" p="33204"/><f n="HISTORY.txt" o="root" g="admin" p="33204"/><f n="HyperParser.py" o="root" g="admin" p="33204"/><f n="HyperParser.pyc" o="root" g="admin" p="33204"/><f n="Icons" o="root" g="admin" p="16893"><f n="idle.icns" o="root" g="admin" p="33204"/></f><f n="idle.py" o="root" g="admin" p="33204"/><f n="idle.pyc" o="root" g="admin" p="33204"/><f n="IdleHistory.py" o="root" g="admin" p="33204"/><f n="IdleHistory.pyc" o="root" g="admin" p="33204"/><f n="idlever.py" o="root" g="admin" p="33204"/><f n="idlever.pyc" o="root" g="admin" p="33204"/><f n="IOBinding.py" o="root" g="admin" p="33204"/><f n="IOBinding.pyc" o="root" g="admin" p="33204"/><f n="keybindingDialog.py" o="root" g="admin" p="33204"/><f n="keybindingDialog.pyc" o="root" g="admin" p="33204"/><f n="MacBuildApp.py" o="root" g="admin" p="33204"/><f n="MacBuildApp.pyc" o="root" g="admin" p="33204"/><f n="macosxSupport.py" o="root" g="admin" p="33204"/><f n="macosxSupport.pyc" o="root" g="admin" p="33204"/><f n="MultiCall.py" o="root" g="admin" p="33204"/><f n="MultiCall.pyc" o="root" g="admin" p="33204"/><f n="MultiStatusBar.py" o="root" g="admin" p="33204"/><f n="MultiStatusBar.pyc" o="root" g="admin" p="33204"/><f n="NEWS.txt" o="root" g="admin" p="33204"/><f n="ObjectBrowser.py" o="root" g="admin" p="33204"/><f n="ObjectBrowser.pyc" o="root" g="admin" p="33204"/><f n="OutputWindow.py" o="root" g="admin" p="33204"/><f n="OutputWindow.pyc" o="root" g="admin" p="33204"/><f n="ParenMatch.py" o="root" g="admin" p="33204"/><f n="ParenMatch.pyc" o="root" g="admin" p="33204"/><f n="PathBrowser.py" o="root" g="admin" p="33204"/><f n="PathBrowser.pyc" o="root" g="admin" p="33204"/><f n="Percolator.py" o="root" g="admin" p="33204"/><f n="Percolator.pyc" o="root" g="admin" p="33204"/><f n="pyclbr.py" o="root" g="admin" p="33204"/><f n="pyclbr.pyc" o="root" g="admin" p="33204"/><f n="PyParse.py" o="root" g="admin" p="33204"/><f n="PyParse.pyc" o="root" g="admin" p="33204"/><f n="PyShell.py" o="root" g="admin" p="33204"/><f n="PyShell.pyc" o="root" g="admin" p="33204"/><f n="README.txt" o="root" g="admin" p="33204"/><f n="RemoteDebugger.py" o="root" g="admin" p="33204"/><f n="RemoteDebugger.pyc" o="root" g="admin" p="33204"/><f n="RemoteObjectBrowser.py" o="root" g="admin" p="33204"/><f n="RemoteObjectBrowser.pyc" o="root" g="admin" p="33204"/><f n="ReplaceDialog.py" o="root" g="admin" p="33204"/><f n="ReplaceDialog.pyc" o="root" g="admin" p="33204"/><f n="rpc.py" o="root" g="admin" p="33204"/><f n="rpc.pyc" o="root" g="admin" p="33204"/><f n="RstripExtension.py" o="root" g="admin" p="33204"/><f n="RstripExtension.pyc" o="root" g="admin" p="33204"/><f n="run.py" o="root" g="admin" p="33204"/><f n="run.pyc" o="root" g="admin" p="33204"/><f n="ScriptBinding.py" o="root" g="admin" p="33204"/><f n="ScriptBinding.pyc" o="root" g="admin" p="33204"/><f n="ScrolledList.py" o="root" g="admin" p="33204"/><f n="ScrolledList.pyc" o="root" g="admin" p="33204"/><f n="SearchDialog.py" o="root" g="admin" p="33204"/><f n="SearchDialog.pyc" o="root" g="admin" p="33204"/><f n="SearchDialogBase.py" o="root" g="admin" p="33204"/><f n="SearchDialogBase.pyc" o="root" g="admin" p="33204"/><f n="SearchEngine.py" o="root" g="admin" p="33204"/><f n="SearchEngine.pyc" o="root" g="admin" p="33204"/><f n="StackViewer.py" o="root" g="admin" p="33204"/><f n="StackViewer.pyc" o="root" g="admin" p="33204"/><f n="tabbedpages.py" o="root" g="admin" p="33204"/><f n="tabbedpages.pyc" o="root" g="admin" p="33204"/><f n="testcode.py" o="root" g="admin" p="33204"/><f n="testcode.pyc" o="root" g="admin" p="33204"/><f n="textView.py" o="root" g="admin" p="33204"/><f n="textView.pyc" o="root" g="admin" p="33204"/><f n="TODO.txt" o="root" g="admin" p="33204"/><f n="ToolTip.py" o="root" g="admin" p="33204"/><f n="ToolTip.pyc" o="root" g="admin" p="33204"/><f n="TreeWidget.py" o="root" g="admin" p="33204"/><f n="TreeWidget.pyc" o="root" g="admin" p="33204"/><f n="UndoDelegator.py" o="root" g="admin" p="33204"/><f n="UndoDelegator.pyc" o="root" g="admin" p="33204"/><f n="utils.py" o="root" g="admin" p="33204"/><f n="utils.pyc" o="root" g="admin" p="33204"/><f n="WidgetRedirector.py" o="root" g="admin" p="33204"/><f n="WidgetRedirector.pyc" o="root" g="admin" p="33204"/><f n="WindowList.py" o="root" g="admin" p="33204"/><f n="WindowList.pyc" o="root" g="admin" p="33204"/><f n="ZoomHeight.py" o="root" g="admin" p="33204"/><f n="ZoomHeight.pyc" o="root" g="admin" p="33204"/></f><f n="vis" o="root" g="admin" p="16893"><f n="__init__.py" o="root" g="admin" p="33204"/><f n="__init__.pyc" o="root" g="admin" p="33204"/><f n="controls.py" o="root" g="admin" p="33204"/><f n="controls.pyc" o="root" g="admin" p="33204"/><f n="factorial.py" o="root" g="admin" p="33204"/><f n="factorial.pyc" o="root" g="admin" p="33204"/><f n="filedialog.py" o="root" g="admin" p="33204"/><f n="filedialog.pyc" o="root" g="admin" p="33204"/><f n="graph.py" o="root" g="admin" p="33204"/><f n="graph.pyc" o="root" g="admin" p="33204"/><f n="site_settings.py" o="root" g="admin" p="33204"/><f n="site_settings.pyc" o="root" g="admin" p="33204"/></f><f n="visual" o="root" g="admin" p="16893"><f n="__init__.py" o="root" g="admin" p="33204"/><f n="__init__.pyc" o="root" g="admin" p="33204"/><f n="controls.py" o="root" g="admin" p="33204"/><f n="controls.pyc" o="root" g="admin" p="33204"/><f n="docs" o="root" g="admin" p="16893"><f n="arrow.html" o="root" g="admin" p="33204"/><f n="axes.gif" o="root" g="admin" p="33204"/><f n="box.html" o="root" g="admin" p="33204"/><f n="color.html" o="root" g="admin" p="33204"/><f n="cone.html" o="root" g="admin" p="33204"/><f n="controls.html" o="root" g="admin" p="33204"/><f n="convex.html" o="root" g="admin" p="33204"/><f n="curve.html" o="root" g="admin" p="33204"/><f n="cylinder.html" o="root" g="admin" p="33204"/><f n="defaults.html" o="root" g="admin" p="33204"/><f n="delete.html" o="root" g="admin" p="33204"/><f n="display.html" o="root" g="admin" p="33204"/><f n="ellipsoid.html" o="root" g="admin" p="33204"/><f n="extrusion.html" o="root" g="admin" p="33204"/><f n="faces.html" o="root" g="admin" p="33204"/><f n="factorial.html" o="root" g="admin" p="33204"/><f n="files.html" o="root" g="admin" p="33204"/><f n="float.html" o="root" g="admin" p="33204"/><f n="frame.html" o="root" g="admin" p="33204"/><f n="graph.html" o="root" g="admin" p="33204"/><f n="helix.html" o="root" g="admin" p="33204"/><f n="images" o="root" g="admin" p="16893"><f n="arc.jpg" o="root" g="admin" p="33204"/><f n="arc_and_triangle_with_hole.jpg" o="root" g="admin" p="33204"/><f n="arc_shape.jpg" o="root" g="admin" p="33204"/><f n="arrow.jpg" o="root" g="admin" p="33204"/><f n="box.jpg" o="root" g="admin" p="33204"/><f n="circle.jpg" o="root" g="admin" p="33204"/><f n="circle_frame.jpg" o="root" g="admin" p="33204"/><f n="circle_shape.jpg" o="root" g="admin" p="33204"/><f n="colors_abutting.jpg" o="root" g="admin" p="33204"/><f n="combine_paths.jpg" o="root" g="admin" p="33204"/><f n="cone.jpg" o="root" g="admin" p="33204"/><f n="constructive_geometry.jpg" o="root" g="admin" p="33204"/><f n="controls.jpg" o="root" g="admin" p="33204"/><f n="convex.jpg" o="root" g="admin" p="33204"/><f n="cross.jpg" o="root" g="admin" p="33204"/><f n="cross_ellipse.jpg" o="root" g="admin" p="33204"/><f n="cross_shape.jpg" o="root" g="admin" p="33204"/><f n="curve.jpg" o="root" g="admin" p="33204"/><f n="cylinder.jpg" o="root" g="admin" p="33204"/><f n="ellipse.jpg" o="root" g="admin" p="33204"/><f n="ellipse_shape.jpg" o="root" g="admin" p="33204"/><f n="ellipsoid.jpg" o="root" g="admin" p="33204"/><f n="extrusion.jpg" o="root" g="admin" p="33204"/><f n="extrusion_twist.jpg" o="root" g="admin" p="33204"/><f n="extrustion_scaling.jpg" o="root" g="admin" p="33204"/><f n="faces.jpg" o="root" g="admin" p="33204"/><f n="filedialog.jpg" o="root" g="admin" p="33204"/><f n="frustum.jpg" o="root" g="admin" p="33204"/><f n="gear.jpg" o="root" g="admin" p="33204"/><f n="graph.jpg" o="root" g="admin" p="33204"/><f n="helix.jpg" o="root" g="admin" p="33204"/><f n="heptagon.jpg" o="root" g="admin" p="33204"/><f n="hexagon.jpg" o="root" g="admin" p="33204"/><f n="hexagon_shape.jpg" o="root" g="admin" p="33204"/><f n="label.jpg" o="root" g="admin" p="33204"/><f n="lathe.jpg" o="root" g="admin" p="33204"/><f n="material_etc.jpg" o="root" g="admin" p="33204"/><f n="ngon_shape.jpg" o="root" g="admin" p="33204"/><f n="partial_circle_shape.jpg" o="root" g="admin" p="33204"/><f n="pentagon.jpg" o="root" g="admin" p="33204"/><f n="pentagon_shape.jpg" o="root" g="admin" p="33204"/><f n="perimeter.jpg" o="root" g="admin" p="33204"/><f n="perimeter_hollow.jpg" o="root" g="admin" p="33204"/><f n="points.jpg" o="root" g="admin" p="33204"/><f n="pyramid.jpg" o="root" g="admin" p="33204"/><f n="rackgear.jpg" o="root" g="admin" p="33204"/><f n="rectangle.jpg" o="root" g="admin" p="33204"/><f n="rectangle_chamfered.jpg" o="root" g="admin" p="33204"/><f n="rectangle_rotated.jpg" o="root" g="admin" p="33204"/><f n="rectangle_rounded.jpg" o="root" g="admin" p="33204"/><f n="rectangle_shape.jpg" o="root" g="admin" p="33204"/><f n="rectangle_shape_chamfered.jpg" o="root" g="admin" p="33204"/><f n="rectangle_shape_frame.jpg" o="root" g="admin" p="33204"/><f n="rectangle_shape_rotated.jpg" o="root" g="admin" p="33204"/><f n="rectangle_shape_rounded.jpg" o="root" g="admin" p="33204"/><f n="ring.jpg" o="root" g="admin" p="33204"/><f n="skin.jpg" o="root" g="admin" p="33204"/><f n="sphere.jpg" o="root" g="admin" p="33204"/><f n="star.jpg" o="root" g="admin" p="33204"/><f n="star_shape.jpg" o="root" g="admin" p="33204"/><f n="star_with_hole.jpg" o="root" g="admin" p="33204"/><f n="starpath.jpg" o="root" g="admin" p="33204"/><f n="text.jpg" o="root" g="admin" p="33204"/><f n="text3d.jpg" o="root" g="admin" p="33204"/><f n="text_extrusion.jpg" o="root" g="admin" p="33204"/><f n="text_inverse.jpg" o="root" g="admin" p="33204"/><f n="text_shape.jpg" o="root" g="admin" p="33204"/><f n="trail.jpg" o="root" g="admin" p="33204"/><f n="trapezoid.jpg" o="root" g="admin" p="33204"/><f n="trapezoid_shape.jpg" o="root" g="admin" p="33204"/><f n="triangle.jpg" o="root" g="admin" p="33204"/><f n="triangle_circular_hole.jpg" o="root" g="admin" p="33204"/><f n="triangle_frame.jpg" o="root" g="admin" p="33204"/><f n="triangle_path.jpg" o="root" g="admin" p="33204"/><f n="triangle_shape.jpg" o="root" g="admin" p="33204"/><f n="triangle_with_hole.jpg" o="root" g="admin" p="33204"/><f n="triangle_with_hole2.jpg" o="root" g="admin" p="33204"/><f n="triangular_ring.jpg" o="root" g="admin" p="33204"/><f n="widgets.jpg" o="root" g="admin" p="33204"/></f><f n="index.html" o="root" g="admin" p="33204"/><f n="keyboard.html" o="root" g="admin" p="33204"/><f n="label.html" o="root" g="admin" p="33204"/><f n="license.txt" o="root" g="admin" p="33204"/><f n="lights.html" o="root" g="admin" p="33204"/><f n="materials.html" o="root" g="admin" p="33204"/><f n="mouse.html" o="root" g="admin" p="33204"/><f n="mouse_click.html" o="root" g="admin" p="33204"/><f n="mouse_drag.html" o="root" g="admin" p="33204"/><f n="navigation.js" o="root" g="admin" p="33204"/><f n="new_features.html" o="root" g="admin" p="33204"/><f n="options.html" o="root" g="admin" p="33204"/><f n="paths.html" o="root" g="admin" p="33204"/><f n="points.html" o="root" g="admin" p="33204"/><f n="primitives.html" o="root" g="admin" p="33204"/><f n="pyramid.html" o="root" g="admin" p="33204"/><f n="rate.html" o="root" g="admin" p="33204"/><f n="ring.gif" o="root" g="admin" p="33204"/><f n="ring.html" o="root" g="admin" p="33204"/><f n="rotation.html" o="root" g="admin" p="33204"/><f n="shapes.html" o="root" g="admin" p="33204"/><f n="sphere.html" o="root" g="admin" p="33204"/><f n="spherebox.gif" o="root" g="admin" p="33204"/><f n="text.html" o="root" g="admin" p="33204"/><f n="trail.html" o="root" g="admin" p="33204"/><f n="vector.html" o="root" g="admin" p="33204"/><f n="VisualIntro.html" o="root" g="admin" p="33204"/><f n="VisualRef-1.gif" o="root" g="admin" p="33204"/><f n="VisualRef-2.gif" o="root" g="admin" p="33204"/><f n="VisualRef-3.gif" o="root" g="admin" p="33204"/><f n="VisualRef-4.gif" o="root" g="admin" p="33204"/><f n="VisualRef-6.gif" o="root" g="admin" p="33204"/><f n="VisualRef-7.gif" o="root" g="admin" p="33204"/><f n="VisualRef.css" o="root" g="admin" p="33204"/><f n="VPython_Intro.pdf" o="root" g="admin" p="33204"/></f><f n="examples" o="root" g="admin" p="16893"><f n="bounce.py" o="root" g="admin" p="33204"/><f n="bounce2.py" o="root" g="admin" p="33204"/><f n="boxlighttest.py" o="root" g="admin" p="33204"/><f n="camera.py" o="root" g="admin" p="33204"/><f n="colorsliders.py" o="root" g="admin" p="33204"/><f n="conch.py" o="root" g="admin" p="33204"/><f n="controlstest.py" o="root" g="admin" p="33204"/><f n="convex.py" o="root" g="admin" p="33204"/><f n="crossproduct.py" o="root" g="admin" p="33204"/><f n="crystal.py" o="root" g="admin" p="33204"/><f n="differential_gear.py" o="root" g="admin" p="33204"/><f n="dipole.py" o="root" g="admin" p="33204"/><f n="doublependulum.py" o="root" g="admin" p="33204"/><f n="drape.py" o="root" g="admin" p="33204"/><f n="electric_motor.py" o="root" g="admin" p="33204"/><f n="eventHandlers.py" o="root" g="admin" p="33204"/><f n="extruded_columns.py" o="root" g="admin" p="33204"/><f n="extrusion_examples.py" o="root" g="admin" p="33204"/><f n="extrusion_overview.py" o="root" g="admin" p="33204"/><f n="faces_cone.py" o="root" g="admin" p="33204"/><f n="faces_heightfield.py" o="root" g="admin" p="33204"/><f n="flower128.tga" o="root" g="admin" p="33204"/><f n="gas.py" o="root" g="admin" p="33204"/><f n="graphtest.py" o="root" g="admin" p="33204"/><f n="gyro.py" o="root" g="admin" p="33204"/><f n="gyro2.py" o="root" g="admin" p="33204"/><f n="hanoi.py" o="root" g="admin" p="33204"/><f n="keyinput.py" o="root" g="admin" p="33204"/><f n="labels.py" o="root" g="admin" p="33204"/><f n="lathe.py" o="root" g="admin" p="33204"/><f n="lorenz.py" o="root" g="admin" p="33204"/><f n="mandelbrot.py" o="root" g="admin" p="33204"/><f n="material_test.py" o="root" g="admin" p="33204"/><f n="medusa.py" o="root" g="admin" p="33204"/><f n="orbit.py" o="root" g="admin" p="33204"/><f n="planar.py" o="root" g="admin" p="33204"/><f n="randombox.py" o="root" g="admin" p="33204"/><f n="stars.py" o="root" g="admin" p="33204"/><f n="stonehenge.py" o="root" g="admin" p="33204"/><f n="text3D.py" o="root" g="admin" p="33204"/><f n="texttest.py" o="root" g="admin" p="33204"/><f n="texture_and_lighting.py" o="root" g="admin" p="33204"/><f n="texturetest.py" o="root" g="admin" p="33204"/><f n="tictac.py" o="root" g="admin" p="33204"/><f n="tictacdat.py" o="root" g="admin" p="33204"/><f n="toroid.py" o="root" g="admin" p="33204"/><f n="toroid_drag.py" o="root" g="admin" p="33204"/><f n="wave.py" o="root" g="admin" p="33204"/><f n="widgets.py" o="root" g="admin" p="33204"/></f><f n="factorial.py" o="root" g="admin" p="33204"/><f n="factorial.pyc" o="root" g="admin" p="33204"/><f n="filedialog.py" o="root" g="admin" p="33204"/><f n="filedialog.pyc" o="root" g="admin" p="33204"/><f n="graph.py" o="root" g="admin" p="33204"/><f n="graph.pyc" o="root" g="admin" p="33204"/><f n="license.txt" o="root" g="admin" p="33204"/><f n="text.py" o="root" g="admin" p="33204"/><f n="text.pyc" o="root" g="admin" p="33204"/><f n="visual_all.py" o="root" g="admin" p="33204"/><f n="visual_all.pyc" o="root" g="admin" p="33204"/></f><f n="visual_common" o="root" g="admin" p="16893"><f n="__init__.py" o="root" g="admin" p="33204"/><f n="__init__.pyc" o="root" g="admin" p="33204"/><f n="BlueMarble.tga" o="root" g="admin" p="33204"/><f n="brickbump.tga" o="root" g="admin" p="33204"/><f n="controls.py" o="root" g="admin" p="33204"/><f n="controls.pyc" o="root" g="admin" p="33204"/><f n="crayola.py" o="root" g="admin" p="33204"/><f n="crayola.pyc" o="root" g="admin" p="33204"/><f n="create_display.py" o="root" g="admin" p="33204"/><f n="create_display.pyc" o="root" g="admin" p="33204"/><f n="cvisual.py" o="root" g="admin" p="33204"/><f n="cvisual.pyc" o="root" g="admin" p="33204"/><f n="cvisual.so" o="root" g="admin" p="33277"/><f n="earth.tga" o="root" g="admin" p="33204"/><f n="factorial.py" o="root" g="admin" p="33204"/><f n="factorial.pyc" o="root" g="admin" p="33204"/><f n="filedialog.py" o="root" g="admin" p="33204"/><f n="filedialog.pyc" o="root" g="admin" p="33204"/><f n="graph.py" o="root" g="admin" p="33204"/><f n="graph.pyc" o="root" g="admin" p="33204"/><f n="materials.py" o="root" g="admin" p="33204"/><f n="materials.pyc" o="root" g="admin" p="33204"/><f n="paths.py" o="root" g="admin" p="33204"/><f n="paths.pyc" o="root" g="admin" p="33204"/><f n="primitives.py" o="root" g="admin" p="33204"/><f n="primitives.pyc" o="root" g="admin" p="33204"/><f n="random.tga" o="root" g="admin" p="33204"/><f n="rate_function.py" o="root" g="admin" p="33204"/><f n="rate_function.pyc" o="root" g="admin" p="33204"/><f n="shapes.py" o="root" g="admin" p="33204"/><f n="shapes.pyc" o="root" g="admin" p="33204"/><f n="site_settings.py" o="root" g="admin" p="33204"/><f n="site_settings.pyc" o="root" g="admin" p="33204"/><f n="turbulence3.tga" o="root" g="admin" p="33204"/><f n="wood.tga" o="root" g="admin" p="33204"/></f></f><f n="VPython.pth" o="root" g="admin" p="33204"/></f></pkg-contents>