<pkgref spec="1.12" uuid="996BF523-60CD-41AC-901F-771E0C237E1B"><config><identifier>org.vpython.vpythonmac611py27.VisualExtension.pkg</identifier><version>1.0</version><description></description><post-install type="none"/><requireAuthorization/><installFrom relative="true">../../../../vpy-stage/site-packages/Visual Extension</installFrom><installTo mod="true">/Library/Frameworks/Python.framework/Versions/2.7/lib/python2.7/site-packages</installTo><flags><followSymbolicLinks/></flags><packageStore type="internal"></packageStore><mod>parent</mod><mod>installFrom.isRelativeType</mod><mod>installTo</mod></config></pkgref>