<pkg-contents spec="1.12"><f n="numpy" o="bruce" g="admin" p="16877" pt="/Users/bruce/Documents/workspace/stage2.7/numpy" m="false" t="file"><f n="__config__.py" o="bruce" g="admin" p="33188"/><f n="__config__.pyc" o="bruce" g="admin" p="33188"/><f n="__config__.pyo" o="bruce" g="admin" p="33188"/><f n="__init__.py" o="bruce" g="admin" p="33188"/><f n="__init__.pyc" o="bruce" g="admin" p="33188"/><f n="__init__.pyo" o="bruce" g="admin" p="33188"/><f n="_import_tools.py" o="bruce" g="admin" p="33188"/><f n="_import_tools.pyc" o="bruce" g="admin" p="33188"/><f n="_import_tools.pyo" o="bruce" g="admin" p="33188"/><f n="add_newdocs.py" o="bruce" g="admin" p="33188"/><f n="add_newdocs.pyc" o="bruce" g="admin" p="33188"/><f n="add_newdocs.pyo" o="bruce" g="admin" p="33188"/><f n="compat" o="bruce" g="admin" p="16877"><f n="__init__.py" o="bruce" g="admin" p="33188"/><f n="__init__.pyc" o="bruce" g="admin" p="33188"/><f n="__init__.pyo" o="bruce" g="admin" p="33188"/><f n="_inspect.py" o="bruce" g="admin" p="33188"/><f n="_inspect.pyc" o="bruce" g="admin" p="33188"/><f n="_inspect.pyo" o="bruce" g="admin" p="33188"/><f n="py3k.py" o="bruce" g="admin" p="33188"/><f n="py3k.pyc" o="bruce" g="admin" p="33188"/><f n="py3k.pyo" o="bruce" g="admin" p="33188"/><f n="setup.py" o="bruce" g="admin" p="33188"/><f n="setup.pyc" o="bruce" g="admin" p="33188"/><f n="setup.pyo" o="bruce" g="admin" p="33188"/><f n="setupscons.py" o="bruce" g="admin" p="33188"/><f n="setupscons.pyc" o="bruce" g="admin" p="33188"/><f n="setupscons.pyo" o="bruce" g="admin" p="33188"/></f><f n="COMPATIBILITY" o="bruce" g="admin" p="33188"/><f n="core" o="bruce" g="admin" p="16877"><f n="__init__.py" o="bruce" g="admin" p="33188"/><f n="__init__.pyc" o="bruce" g="admin" p="33188"/><f n="__init__.pyo" o="bruce" g="admin" p="33188"/><f n="_dotblas.so" o="bruce" g="admin" p="33261"/><f n="_internal.py" o="bruce" g="admin" p="33188"/><f n="_internal.pyc" o="bruce" g="admin" p="33188"/><f n="_internal.pyo" o="bruce" g="admin" p="33188"/><f n="_mx_datetime_parser.py" o="bruce" g="admin" p="33188"/><f n="_mx_datetime_parser.pyc" o="bruce" g="admin" p="33188"/><f n="_mx_datetime_parser.pyo" o="bruce" g="admin" p="33188"/><f n="_sort.so" o="bruce" g="admin" p="33261"/><f n="arrayprint.py" o="bruce" g="admin" p="33188"/><f n="arrayprint.pyc" o="bruce" g="admin" p="33188"/><f n="arrayprint.pyo" o="bruce" g="admin" p="33188"/><f n="defchararray.py" o="bruce" g="admin" p="33188"/><f n="defchararray.pyc" o="bruce" g="admin" p="33188"/><f n="defchararray.pyo" o="bruce" g="admin" p="33188"/><f n="fromnumeric.py" o="bruce" g="admin" p="33188"/><f n="fromnumeric.pyc" o="bruce" g="admin" p="33188"/><f n="fromnumeric.pyo" o="bruce" g="admin" p="33188"/><f n="function_base.py" o="bruce" g="admin" p="33188"/><f n="function_base.pyc" o="bruce" g="admin" p="33188"/><f n="function_base.pyo" o="bruce" g="admin" p="33188"/><f n="generate_numpy_api.py" o="bruce" g="admin" p="33188"/><f n="generate_numpy_api.pyc" o="bruce" g="admin" p="33188"/><f n="generate_numpy_api.pyo" o="bruce" g="admin" p="33188"/><f n="getlimits.py" o="bruce" g="admin" p="33188"/><f n="getlimits.pyc" o="bruce" g="admin" p="33188"/><f n="getlimits.pyo" o="bruce" g="admin" p="33188"/><f n="include" o="bruce" g="admin" p="16877"><f n="numpy" o="bruce" g="admin" p="16877"><f n="__multiarray_api.h" o="bruce" g="admin" p="33188"/><f n="__ufunc_api.h" o="bruce" g="admin" p="33188"/><f n="_neighborhood_iterator_imp.h" o="bruce" g="admin" p="33188"/><f n="_numpyconfig.h" o="bruce" g="admin" p="33188"/><f n="arrayobject.h" o="bruce" g="admin" p="33188"/><f n="arrayscalars.h" o="bruce" g="admin" p="33188"/><f n="multiarray_api.txt" o="bruce" g="admin" p="33188"/><f n="ndarrayobject.h" o="bruce" g="admin" p="33188"/><f n="ndarraytypes.h" o="bruce" g="admin" p="33188"/><f n="noprefix.h" o="bruce" g="admin" p="33188"/><f n="npy_3kcompat.h" o="bruce" g="admin" p="33188"/><f n="npy_common.h" o="bruce" g="admin" p="33188"/><f n="npy_cpu.h" o="bruce" g="admin" p="33188"/><f n="npy_endian.h" o="bruce" g="admin" p="33188"/><f n="npy_interrupt.h" o="bruce" g="admin" p="33188"/><f n="npy_math.h" o="bruce" g="admin" p="33188"/><f n="npy_os.h" o="bruce" g="admin" p="33188"/><f n="numpyconfig.h" o="bruce" g="admin" p="33188"/><f n="old_defines.h" o="bruce" g="admin" p="33188"/><f n="oldnumeric.h" o="bruce" g="admin" p="33188"/><f n="ufunc_api.txt" o="bruce" g="admin" p="33188"/><f n="ufuncobject.h" o="bruce" g="admin" p="33188"/><f n="utils.h" o="bruce" g="admin" p="33188"/></f></f><f n="info.py" o="bruce" g="admin" p="33188"/><f n="info.pyc" o="bruce" g="admin" p="33188"/><f n="info.pyo" o="bruce" g="admin" p="33188"/><f n="lib" o="bruce" g="admin" p="16877"><f n="libnpymath.a" o="bruce" g="admin" p="33188"/><f n="npy-pkg-config" o="bruce" g="admin" p="16877"><f n="mlib.ini" o="bruce" g="admin" p="33188"/><f n="npymath.ini" o="bruce" g="admin" p="33188"/></f></f><f n="machar.py" o="bruce" g="admin" p="33188"/><f n="machar.pyc" o="bruce" g="admin" p="33188"/><f n="machar.pyo" o="bruce" g="admin" p="33188"/><f n="memmap.py" o="bruce" g="admin" p="33188"/><f n="memmap.pyc" o="bruce" g="admin" p="33188"/><f n="memmap.pyo" o="bruce" g="admin" p="33188"/><f n="multiarray.so" o="bruce" g="admin" p="33261"/><f n="multiarray_tests.so" o="bruce" g="admin" p="33261"/><f n="numeric.py" o="bruce" g="admin" p="33188"/><f n="numeric.pyc" o="bruce" g="admin" p="33188"/><f n="numeric.pyo" o="bruce" g="admin" p="33188"/><f n="numerictypes.py" o="bruce" g="admin" p="33188"/><f n="numerictypes.pyc" o="bruce" g="admin" p="33188"/><f n="numerictypes.pyo" o="bruce" g="admin" p="33188"/><f n="records.py" o="bruce" g="admin" p="33188"/><f n="records.pyc" o="bruce" g="admin" p="33188"/><f n="records.pyo" o="bruce" g="admin" p="33188"/><f n="scalarmath.so" o="bruce" g="admin" p="33261"/><f n="scons_support.py" o="bruce" g="admin" p="33188"/><f n="scons_support.pyc" o="bruce" g="admin" p="33188"/><f n="scons_support.pyo" o="bruce" g="admin" p="33188"/><f n="setup.py" o="bruce" g="admin" p="33188"/><f n="setup.pyc" o="bruce" g="admin" p="33188"/><f n="setup.pyo" o="bruce" g="admin" p="33188"/><f n="setup_common.py" o="bruce" g="admin" p="33188"/><f n="setup_common.pyc" o="bruce" g="admin" p="33188"/><f n="setup_common.pyo" o="bruce" g="admin" p="33188"/><f n="setupscons.py" o="bruce" g="admin" p="33188"/><f n="setupscons.pyc" o="bruce" g="admin" p="33188"/><f n="setupscons.pyo" o="bruce" g="admin" p="33188"/><f n="shape_base.py" o="bruce" g="admin" p="33188"/><f n="shape_base.pyc" o="bruce" g="admin" p="33188"/><f n="shape_base.pyo" o="bruce" g="admin" p="33188"/><f n="tests" o="bruce" g="admin" p="16877"><f n="data" o="bruce" g="admin" p="16877"><f n="astype_copy.pkl" o="bruce" g="admin" p="33188"/><f n="recarray_from_file.fits" o="bruce" g="admin" p="33188"/></f><f n="test_arrayprint.py" o="bruce" g="admin" p="33188"/><f n="test_arrayprint.pyc" o="bruce" g="admin" p="33188"/><f n="test_arrayprint.pyo" o="bruce" g="admin" p="33188"/><f n="test_blasdot.py" o="bruce" g="admin" p="33188"/><f n="test_blasdot.pyc" o="bruce" g="admin" p="33188"/><f n="test_blasdot.pyo" o="bruce" g="admin" p="33188"/><f n="test_defchararray.py" o="bruce" g="admin" p="33188"/><f n="test_defchararray.pyc" o="bruce" g="admin" p="33188"/><f n="test_defchararray.pyo" o="bruce" g="admin" p="33188"/><f n="test_dtype.py" o="bruce" g="admin" p="33188"/><f n="test_dtype.pyc" o="bruce" g="admin" p="33188"/><f n="test_dtype.pyo" o="bruce" g="admin" p="33188"/><f n="test_errstate.py" o="bruce" g="admin" p="33188"/><f n="test_errstate.pyc" o="bruce" g="admin" p="33188"/><f n="test_errstate.pyo" o="bruce" g="admin" p="33188"/><f n="test_function_base.py" o="bruce" g="admin" p="33188"/><f n="test_function_base.pyc" o="bruce" g="admin" p="33188"/><f n="test_function_base.pyo" o="bruce" g="admin" p="33188"/><f n="test_getlimits.py" o="bruce" g="admin" p="33188"/><f n="test_getlimits.pyc" o="bruce" g="admin" p="33188"/><f n="test_getlimits.pyo" o="bruce" g="admin" p="33188"/><f n="test_machar.py" o="bruce" g="admin" p="33188"/><f n="test_machar.pyc" o="bruce" g="admin" p="33188"/><f n="test_machar.pyo" o="bruce" g="admin" p="33188"/><f n="test_memmap.py" o="bruce" g="admin" p="33188"/><f n="test_memmap.pyc" o="bruce" g="admin" p="33188"/><f n="test_memmap.pyo" o="bruce" g="admin" p="33188"/><f n="test_multiarray.py" o="bruce" g="admin" p="33188"/><f n="test_multiarray.pyc" o="bruce" g="admin" p="33188"/><f n="test_multiarray.pyo" o="bruce" g="admin" p="33188"/><f n="test_numeric.py" o="bruce" g="admin" p="33188"/><f n="test_numeric.pyc" o="bruce" g="admin" p="33188"/><f n="test_numeric.pyo" o="bruce" g="admin" p="33188"/><f n="test_numerictypes.py" o="bruce" g="admin" p="33188"/><f n="test_numerictypes.pyc" o="bruce" g="admin" p="33188"/><f n="test_numerictypes.pyo" o="bruce" g="admin" p="33188"/><f n="test_print.py" o="bruce" g="admin" p="33188"/><f n="test_print.pyc" o="bruce" g="admin" p="33188"/><f n="test_print.pyo" o="bruce" g="admin" p="33188"/><f n="test_records.py" o="bruce" g="admin" p="33188"/><f n="test_records.pyc" o="bruce" g="admin" p="33188"/><f n="test_records.pyo" o="bruce" g="admin" p="33188"/><f n="test_regression.py" o="bruce" g="admin" p="33188"/><f n="test_regression.pyc" o="bruce" g="admin" p="33188"/><f n="test_regression.pyo" o="bruce" g="admin" p="33188"/><f n="test_scalarmath.py" o="bruce" g="admin" p="33188"/><f n="test_scalarmath.pyc" o="bruce" g="admin" p="33188"/><f n="test_scalarmath.pyo" o="bruce" g="admin" p="33188"/><f n="test_shape_base.py" o="bruce" g="admin" p="33188"/><f n="test_shape_base.pyc" o="bruce" g="admin" p="33188"/><f n="test_shape_base.pyo" o="bruce" g="admin" p="33188"/><f n="test_ufunc.py" o="bruce" g="admin" p="33188"/><f n="test_ufunc.pyc" o="bruce" g="admin" p="33188"/><f n="test_ufunc.pyo" o="bruce" g="admin" p="33188"/><f n="test_umath.py" o="bruce" g="admin" p="33188"/><f n="test_umath.pyc" o="bruce" g="admin" p="33188"/><f n="test_umath.pyo" o="bruce" g="admin" p="33188"/><f n="test_umath_complex.py" o="bruce" g="admin" p="33188"/><f n="test_umath_complex.pyc" o="bruce" g="admin" p="33188"/><f n="test_umath_complex.pyo" o="bruce" g="admin" p="33188"/><f n="test_unicode.py" o="bruce" g="admin" p="33188"/><f n="test_unicode.pyc" o="bruce" g="admin" p="33188"/><f n="test_unicode.pyo" o="bruce" g="admin" p="33188"/></f><f n="umath.so" o="bruce" g="admin" p="33261"/><f n="umath_tests.so" o="bruce" g="admin" p="33261"/></f><f n="ctypeslib.py" o="bruce" g="admin" p="33188"/><f n="ctypeslib.pyc" o="bruce" g="admin" p="33188"/><f n="ctypeslib.pyo" o="bruce" g="admin" p="33188"/><f n="DEV_README.txt" o="bruce" g="admin" p="33188"/><f n="distutils" o="bruce" g="admin" p="16877"><f n="__config__.py" o="bruce" g="admin" p="33188"/><f n="__config__.pyc" o="bruce" g="admin" p="33188"/><f n="__config__.pyo" o="bruce" g="admin" p="33188"/><f n="__init__.py" o="bruce" g="admin" p="33188"/><f n="__init__.pyc" o="bruce" g="admin" p="33188"/><f n="__init__.pyo" o="bruce" g="admin" p="33188"/><f n="__version__.py" o="bruce" g="admin" p="33188"/><f n="__version__.pyc" o="bruce" g="admin" p="33188"/><f n="__version__.pyo" o="bruce" g="admin" p="33188"/><f n="ccompiler.py" o="bruce" g="admin" p="33188"/><f n="ccompiler.pyc" o="bruce" g="admin" p="33188"/><f n="ccompiler.pyo" o="bruce" g="admin" p="33188"/><f n="command" o="bruce" g="admin" p="16877"><f n="__init__.py" o="bruce" g="admin" p="33188"/><f n="__init__.pyc" o="bruce" g="admin" p="33188"/><f n="__init__.pyo" o="bruce" g="admin" p="33188"/><f n="autodist.py" o="bruce" g="admin" p="33188"/><f n="autodist.pyc" o="bruce" g="admin" p="33188"/><f n="autodist.pyo" o="bruce" g="admin" p="33188"/><f n="bdist_rpm.py" o="bruce" g="admin" p="33188"/><f n="bdist_rpm.pyc" o="bruce" g="admin" p="33188"/><f n="bdist_rpm.pyo" o="bruce" g="admin" p="33188"/><f n="build.py" o="bruce" g="admin" p="33188"/><f n="build.pyc" o="bruce" g="admin" p="33188"/><f n="build.pyo" o="bruce" g="admin" p="33188"/><f n="build_clib.py" o="bruce" g="admin" p="33188"/><f n="build_clib.pyc" o="bruce" g="admin" p="33188"/><f n="build_clib.pyo" o="bruce" g="admin" p="33188"/><f n="build_ext.py" o="bruce" g="admin" p="33188"/><f n="build_ext.pyc" o="bruce" g="admin" p="33188"/><f n="build_ext.pyo" o="bruce" g="admin" p="33188"/><f n="build_py.py" o="bruce" g="admin" p="33188"/><f n="build_py.pyc" o="bruce" g="admin" p="33188"/><f n="build_py.pyo" o="bruce" g="admin" p="33188"/><f n="build_scripts.py" o="bruce" g="admin" p="33188"/><f n="build_scripts.pyc" o="bruce" g="admin" p="33188"/><f n="build_scripts.pyo" o="bruce" g="admin" p="33188"/><f n="build_src.py" o="bruce" g="admin" p="33188"/><f n="build_src.pyc" o="bruce" g="admin" p="33188"/><f n="build_src.pyo" o="bruce" g="admin" p="33188"/><f n="config.py" o="bruce" g="admin" p="33188"/><f n="config.pyc" o="bruce" g="admin" p="33188"/><f n="config.pyo" o="bruce" g="admin" p="33188"/><f n="config_compiler.py" o="bruce" g="admin" p="33188"/><f n="config_compiler.pyc" o="bruce" g="admin" p="33188"/><f n="config_compiler.pyo" o="bruce" g="admin" p="33188"/><f n="develop.py" o="bruce" g="admin" p="33188"/><f n="develop.pyc" o="bruce" g="admin" p="33188"/><f n="develop.pyo" o="bruce" g="admin" p="33188"/><f n="egg_info.py" o="bruce" g="admin" p="33188"/><f n="egg_info.pyc" o="bruce" g="admin" p="33188"/><f n="egg_info.pyo" o="bruce" g="admin" p="33188"/><f n="install.py" o="bruce" g="admin" p="33188"/><f n="install.pyc" o="bruce" g="admin" p="33188"/><f n="install.pyo" o="bruce" g="admin" p="33188"/><f n="install_clib.py" o="bruce" g="admin" p="33188"/><f n="install_clib.pyc" o="bruce" g="admin" p="33188"/><f n="install_clib.pyo" o="bruce" g="admin" p="33188"/><f n="install_data.py" o="bruce" g="admin" p="33188"/><f n="install_data.pyc" o="bruce" g="admin" p="33188"/><f n="install_data.pyo" o="bruce" g="admin" p="33188"/><f n="install_headers.py" o="bruce" g="admin" p="33188"/><f n="install_headers.pyc" o="bruce" g="admin" p="33188"/><f n="install_headers.pyo" o="bruce" g="admin" p="33188"/><f n="scons.py" o="bruce" g="admin" p="33188"/><f n="scons.pyc" o="bruce" g="admin" p="33188"/><f n="scons.pyo" o="bruce" g="admin" p="33188"/><f n="sdist.py" o="bruce" g="admin" p="33188"/><f n="sdist.pyc" o="bruce" g="admin" p="33188"/><f n="sdist.pyo" o="bruce" g="admin" p="33188"/></f><f n="compat.py" o="bruce" g="admin" p="33188"/><f n="compat.pyc" o="bruce" g="admin" p="33188"/><f n="compat.pyo" o="bruce" g="admin" p="33188"/><f n="conv_template.py" o="bruce" g="admin" p="33188"/><f n="conv_template.pyc" o="bruce" g="admin" p="33188"/><f n="conv_template.pyo" o="bruce" g="admin" p="33188"/><f n="core.py" o="bruce" g="admin" p="33188"/><f n="core.pyc" o="bruce" g="admin" p="33188"/><f n="core.pyo" o="bruce" g="admin" p="33188"/><f n="cpuinfo.py" o="bruce" g="admin" p="33188"/><f n="cpuinfo.pyc" o="bruce" g="admin" p="33188"/><f n="cpuinfo.pyo" o="bruce" g="admin" p="33188"/><f n="environment.py" o="bruce" g="admin" p="33188"/><f n="environment.pyc" o="bruce" g="admin" p="33188"/><f n="environment.pyo" o="bruce" g="admin" p="33188"/><f n="exec_command.py" o="bruce" g="admin" p="33188"/><f n="exec_command.pyc" o="bruce" g="admin" p="33188"/><f n="exec_command.pyo" o="bruce" g="admin" p="33188"/><f n="extension.py" o="bruce" g="admin" p="33188"/><f n="extension.pyc" o="bruce" g="admin" p="33188"/><f n="extension.pyo" o="bruce" g="admin" p="33188"/><f n="fcompiler" o="bruce" g="admin" p="16877"><f n="__init__.py" o="bruce" g="admin" p="33188"/><f n="__init__.pyc" o="bruce" g="admin" p="33188"/><f n="__init__.pyo" o="bruce" g="admin" p="33188"/><f n="absoft.py" o="bruce" g="admin" p="33188"/><f n="absoft.pyc" o="bruce" g="admin" p="33188"/><f n="absoft.pyo" o="bruce" g="admin" p="33188"/><f n="compaq.py" o="bruce" g="admin" p="33188"/><f n="compaq.pyc" o="bruce" g="admin" p="33188"/><f n="compaq.pyo" o="bruce" g="admin" p="33188"/><f n="g95.py" o="bruce" g="admin" p="33188"/><f n="g95.pyc" o="bruce" g="admin" p="33188"/><f n="g95.pyo" o="bruce" g="admin" p="33188"/><f n="gnu.py" o="bruce" g="admin" p="33188"/><f n="gnu.pyc" o="bruce" g="admin" p="33188"/><f n="gnu.pyo" o="bruce" g="admin" p="33188"/><f n="hpux.py" o="bruce" g="admin" p="33188"/><f n="hpux.pyc" o="bruce" g="admin" p="33188"/><f n="hpux.pyo" o="bruce" g="admin" p="33188"/><f n="ibm.py" o="bruce" g="admin" p="33188"/><f n="ibm.pyc" o="bruce" g="admin" p="33188"/><f n="ibm.pyo" o="bruce" g="admin" p="33188"/><f n="intel.py" o="bruce" g="admin" p="33188"/><f n="intel.pyc" o="bruce" g="admin" p="33188"/><f n="intel.pyo" o="bruce" g="admin" p="33188"/><f n="lahey.py" o="bruce" g="admin" p="33188"/><f n="lahey.pyc" o="bruce" g="admin" p="33188"/><f n="lahey.pyo" o="bruce" g="admin" p="33188"/><f n="mips.py" o="bruce" g="admin" p="33188"/><f n="mips.pyc" o="bruce" g="admin" p="33188"/><f n="mips.pyo" o="bruce" g="admin" p="33188"/><f n="nag.py" o="bruce" g="admin" p="33188"/><f n="nag.pyc" o="bruce" g="admin" p="33188"/><f n="nag.pyo" o="bruce" g="admin" p="33188"/><f n="none.py" o="bruce" g="admin" p="33188"/><f n="none.pyc" o="bruce" g="admin" p="33188"/><f n="none.pyo" o="bruce" g="admin" p="33188"/><f n="pg.py" o="bruce" g="admin" p="33188"/><f n="pg.pyc" o="bruce" g="admin" p="33188"/><f n="pg.pyo" o="bruce" g="admin" p="33188"/><f n="sun.py" o="bruce" g="admin" p="33188"/><f n="sun.pyc" o="bruce" g="admin" p="33188"/><f n="sun.pyo" o="bruce" g="admin" p="33188"/><f n="vast.py" o="bruce" g="admin" p="33188"/><f n="vast.pyc" o="bruce" g="admin" p="33188"/><f n="vast.pyo" o="bruce" g="admin" p="33188"/></f><f n="from_template.py" o="bruce" g="admin" p="33188"/><f n="from_template.pyc" o="bruce" g="admin" p="33188"/><f n="from_template.pyo" o="bruce" g="admin" p="33188"/><f n="info.py" o="bruce" g="admin" p="33188"/><f n="info.pyc" o="bruce" g="admin" p="33188"/><f n="info.pyo" o="bruce" g="admin" p="33188"/><f n="intelccompiler.py" o="bruce" g="admin" p="33188"/><f n="intelccompiler.pyc" o="bruce" g="admin" p="33188"/><f n="intelccompiler.pyo" o="bruce" g="admin" p="33188"/><f n="interactive.py" o="bruce" g="admin" p="33188"/><f n="interactive.pyc" o="bruce" g="admin" p="33188"/><f n="interactive.pyo" o="bruce" g="admin" p="33188"/><f n="lib2def.py" o="bruce" g="admin" p="33188"/><f n="lib2def.pyc" o="bruce" g="admin" p="33188"/><f n="lib2def.pyo" o="bruce" g="admin" p="33188"/><f n="line_endings.py" o="bruce" g="admin" p="33188"/><f n="line_endings.pyc" o="bruce" g="admin" p="33188"/><f n="line_endings.pyo" o="bruce" g="admin" p="33188"/><f n="log.py" o="bruce" g="admin" p="33188"/><f n="log.pyc" o="bruce" g="admin" p="33188"/><f n="log.pyo" o="bruce" g="admin" p="33188"/><f n="mingw" o="bruce" g="admin" p="16877"><f n="gfortran_vs2003_hack.c" o="bruce" g="admin" p="33188"/></f><f n="mingw32ccompiler.py" o="bruce" g="admin" p="33188"/><f n="mingw32ccompiler.pyc" o="bruce" g="admin" p="33188"/><f n="mingw32ccompiler.pyo" o="bruce" g="admin" p="33188"/><f n="misc_util.py" o="bruce" g="admin" p="33188"/><f n="misc_util.pyc" o="bruce" g="admin" p="33188"/><f n="misc_util.pyo" o="bruce" g="admin" p="33188"/><f n="npy_pkg_config.py" o="bruce" g="admin" p="33188"/><f n="npy_pkg_config.pyc" o="bruce" g="admin" p="33188"/><f n="npy_pkg_config.pyo" o="bruce" g="admin" p="33188"/><f n="numpy_distribution.py" o="bruce" g="admin" p="33188"/><f n="numpy_distribution.pyc" o="bruce" g="admin" p="33188"/><f n="numpy_distribution.pyo" o="bruce" g="admin" p="33188"/><f n="setup.py" o="bruce" g="admin" p="33188"/><f n="setup.pyc" o="bruce" g="admin" p="33188"/><f n="setup.pyo" o="bruce" g="admin" p="33188"/><f n="setupscons.py" o="bruce" g="admin" p="33188"/><f n="setupscons.pyc" o="bruce" g="admin" p="33188"/><f n="setupscons.pyo" o="bruce" g="admin" p="33188"/><f n="system_info.py" o="bruce" g="admin" p="33188"/><f n="system_info.pyc" o="bruce" g="admin" p="33188"/><f n="system_info.pyo" o="bruce" g="admin" p="33188"/><f n="tests" o="bruce" g="admin" p="16877"><f n="f2py_ext" o="bruce" g="admin" p="16877"><f n="__init__.py" o="bruce" g="admin" p="33188"/><f n="__init__.pyc" o="bruce" g="admin" p="33188"/><f n="__init__.pyo" o="bruce" g="admin" p="33188"/><f n="setup.py" o="bruce" g="admin" p="33188"/><f n="setup.pyc" o="bruce" g="admin" p="33188"/><f n="setup.pyo" o="bruce" g="admin" p="33188"/><f n="src" o="bruce" g="admin" p="16877"><f n="fib1.f" o="bruce" g="admin" p="33188"/><f n="fib2.pyf" o="bruce" g="admin" p="33188"/></f><f n="tests" o="bruce" g="admin" p="16877"><f n="test_fib2.py" o="bruce" g="admin" p="33188"/><f n="test_fib2.pyc" o="bruce" g="admin" p="33188"/><f n="test_fib2.pyo" o="bruce" g="admin" p="33188"/></f></f><f n="f2py_f90_ext" o="bruce" g="admin" p="16877"><f n="__init__.py" o="bruce" g="admin" p="33188"/><f n="__init__.pyc" o="bruce" g="admin" p="33188"/><f n="__init__.pyo" o="bruce" g="admin" p="33188"/><f n="include" o="bruce" g="admin" p="16877"><f n="body.f90" o="bruce" g="admin" p="33188"/></f><f n="setup.py" o="bruce" g="admin" p="33188"/><f n="setup.pyc" o="bruce" g="admin" p="33188"/><f n="setup.pyo" o="bruce" g="admin" p="33188"/><f n="src" o="bruce" g="admin" p="16877"><f n="foo_free.f90" o="bruce" g="admin" p="33188"/></f><f n="tests" o="bruce" g="admin" p="16877"><f n="test_foo.py" o="bruce" g="admin" p="33188"/><f n="test_foo.pyc" o="bruce" g="admin" p="33188"/><f n="test_foo.pyo" o="bruce" g="admin" p="33188"/></f></f><f n="gen_ext" o="bruce" g="admin" p="16877"><f n="__init__.py" o="bruce" g="admin" p="33188"/><f n="__init__.pyc" o="bruce" g="admin" p="33188"/><f n="__init__.pyo" o="bruce" g="admin" p="33188"/><f n="setup.py" o="bruce" g="admin" p="33188"/><f n="setup.pyc" o="bruce" g="admin" p="33188"/><f n="setup.pyo" o="bruce" g="admin" p="33188"/><f n="tests" o="bruce" g="admin" p="16877"><f n="test_fib3.py" o="bruce" g="admin" p="33188"/><f n="test_fib3.pyc" o="bruce" g="admin" p="33188"/><f n="test_fib3.pyo" o="bruce" g="admin" p="33188"/></f></f><f n="pyrex_ext" o="bruce" g="admin" p="16877"><f n="__init__.py" o="bruce" g="admin" p="33188"/><f n="__init__.pyc" o="bruce" g="admin" p="33188"/><f n="__init__.pyo" o="bruce" g="admin" p="33188"/><f n="primes.pyx" o="bruce" g="admin" p="33188"/><f n="setup.py" o="bruce" g="admin" p="33188"/><f n="setup.pyc" o="bruce" g="admin" p="33188"/><f n="setup.pyo" o="bruce" g="admin" p="33188"/><f n="tests" o="bruce" g="admin" p="16877"><f n="test_primes.py" o="bruce" g="admin" p="33188"/><f n="test_primes.pyc" o="bruce" g="admin" p="33188"/><f n="test_primes.pyo" o="bruce" g="admin" p="33188"/></f></f><f n="setup.py" o="bruce" g="admin" p="33188"/><f n="setup.pyc" o="bruce" g="admin" p="33188"/><f n="setup.pyo" o="bruce" g="admin" p="33188"/><f n="swig_ext" o="bruce" g="admin" p="16877"><f n="__init__.py" o="bruce" g="admin" p="33188"/><f n="__init__.pyc" o="bruce" g="admin" p="33188"/><f n="__init__.pyo" o="bruce" g="admin" p="33188"/><f n="setup.py" o="bruce" g="admin" p="33188"/><f n="setup.pyc" o="bruce" g="admin" p="33188"/><f n="setup.pyo" o="bruce" g="admin" p="33188"/><f n="src" o="bruce" g="admin" p="16877"><f n="example.c" o="bruce" g="admin" p="33188"/><f n="example.i" o="bruce" g="admin" p="33188"/><f n="zoo.cc" o="bruce" g="admin" p="33188"/><f n="zoo.h" o="bruce" g="admin" p="33188"/><f n="zoo.i" o="bruce" g="admin" p="33188"/></f><f n="tests" o="bruce" g="admin" p="16877"><f n="test_example.py" o="bruce" g="admin" p="33188"/><f n="test_example.pyc" o="bruce" g="admin" p="33188"/><f n="test_example.pyo" o="bruce" g="admin" p="33188"/><f n="test_example2.py" o="bruce" g="admin" p="33188"/><f n="test_example2.pyc" o="bruce" g="admin" p="33188"/><f n="test_example2.pyo" o="bruce" g="admin" p="33188"/></f></f><f n="test_fcompiler_gnu.py" o="bruce" g="admin" p="33188"/><f n="test_fcompiler_gnu.pyc" o="bruce" g="admin" p="33188"/><f n="test_fcompiler_gnu.pyo" o="bruce" g="admin" p="33188"/><f n="test_misc_util.py" o="bruce" g="admin" p="33188"/><f n="test_misc_util.pyc" o="bruce" g="admin" p="33188"/><f n="test_misc_util.pyo" o="bruce" g="admin" p="33188"/><f n="test_npy_pkg_config.py" o="bruce" g="admin" p="33188"/><f n="test_npy_pkg_config.pyc" o="bruce" g="admin" p="33188"/><f n="test_npy_pkg_config.pyo" o="bruce" g="admin" p="33188"/></f><f n="unixccompiler.py" o="bruce" g="admin" p="33188"/><f n="unixccompiler.pyc" o="bruce" g="admin" p="33188"/><f n="unixccompiler.pyo" o="bruce" g="admin" p="33188"/></f><f n="doc" o="bruce" g="admin" p="16877"><f n="__init__.py" o="bruce" g="admin" p="33188"/><f n="__init__.pyc" o="bruce" g="admin" p="33188"/><f n="__init__.pyo" o="bruce" g="admin" p="33188"/><f n="basics.py" o="bruce" g="admin" p="33188"/><f n="basics.pyc" o="bruce" g="admin" p="33188"/><f n="basics.pyo" o="bruce" g="admin" p="33188"/><f n="broadcasting.py" o="bruce" g="admin" p="33188"/><f n="broadcasting.pyc" o="bruce" g="admin" p="33188"/><f n="broadcasting.pyo" o="bruce" g="admin" p="33188"/><f n="byteswapping.py" o="bruce" g="admin" p="33188"/><f n="byteswapping.pyc" o="bruce" g="admin" p="33188"/><f n="byteswapping.pyo" o="bruce" g="admin" p="33188"/><f n="constants.py" o="bruce" g="admin" p="33188"/><f n="constants.pyc" o="bruce" g="admin" p="33188"/><f n="constants.pyo" o="bruce" g="admin" p="33188"/><f n="creation.py" o="bruce" g="admin" p="33188"/><f n="creation.pyc" o="bruce" g="admin" p="33188"/><f n="creation.pyo" o="bruce" g="admin" p="33188"/><f n="glossary.py" o="bruce" g="admin" p="33188"/><f n="glossary.pyc" o="bruce" g="admin" p="33188"/><f n="glossary.pyo" o="bruce" g="admin" p="33188"/><f n="howtofind.py" o="bruce" g="admin" p="33188"/><f n="howtofind.pyc" o="bruce" g="admin" p="33188"/><f n="howtofind.pyo" o="bruce" g="admin" p="33188"/><f n="indexing.py" o="bruce" g="admin" p="33188"/><f n="indexing.pyc" o="bruce" g="admin" p="33188"/><f n="indexing.pyo" o="bruce" g="admin" p="33188"/><f n="internals.py" o="bruce" g="admin" p="33188"/><f n="internals.pyc" o="bruce" g="admin" p="33188"/><f n="internals.pyo" o="bruce" g="admin" p="33188"/><f n="io.py" o="bruce" g="admin" p="33188"/><f n="io.pyc" o="bruce" g="admin" p="33188"/><f n="io.pyo" o="bruce" g="admin" p="33188"/><f n="jargon.py" o="bruce" g="admin" p="33188"/><f n="jargon.pyc" o="bruce" g="admin" p="33188"/><f n="jargon.pyo" o="bruce" g="admin" p="33188"/><f n="methods_vs_functions.py" o="bruce" g="admin" p="33188"/><f n="methods_vs_functions.pyc" o="bruce" g="admin" p="33188"/><f n="methods_vs_functions.pyo" o="bruce" g="admin" p="33188"/><f n="misc.py" o="bruce" g="admin" p="33188"/><f n="misc.pyc" o="bruce" g="admin" p="33188"/><f n="misc.pyo" o="bruce" g="admin" p="33188"/><f n="performance.py" o="bruce" g="admin" p="33188"/><f n="performance.pyc" o="bruce" g="admin" p="33188"/><f n="performance.pyo" o="bruce" g="admin" p="33188"/><f n="structured_arrays.py" o="bruce" g="admin" p="33188"/><f n="structured_arrays.pyc" o="bruce" g="admin" p="33188"/><f n="structured_arrays.pyo" o="bruce" g="admin" p="33188"/><f n="subclassing.py" o="bruce" g="admin" p="33188"/><f n="subclassing.pyc" o="bruce" g="admin" p="33188"/><f n="subclassing.pyo" o="bruce" g="admin" p="33188"/><f n="ufuncs.py" o="bruce" g="admin" p="33188"/><f n="ufuncs.pyc" o="bruce" g="admin" p="33188"/><f n="ufuncs.pyo" o="bruce" g="admin" p="33188"/></f><f n="dual.py" o="bruce" g="admin" p="33188"/><f n="dual.pyc" o="bruce" g="admin" p="33188"/><f n="dual.pyo" o="bruce" g="admin" p="33188"/><f n="f2py" o="bruce" g="admin" p="16877"><f n="__init__.py" o="bruce" g="admin" p="33188"/><f n="__init__.pyc" o="bruce" g="admin" p="33188"/><f n="__init__.pyo" o="bruce" g="admin" p="33188"/><f n="__version__.py" o="bruce" g="admin" p="33188"/><f n="__version__.pyc" o="bruce" g="admin" p="33188"/><f n="__version__.pyo" o="bruce" g="admin" p="33188"/><f n="auxfuncs.py" o="bruce" g="admin" p="33188"/><f n="auxfuncs.pyc" o="bruce" g="admin" p="33188"/><f n="auxfuncs.pyo" o="bruce" g="admin" p="33188"/><f n="capi_maps.py" o="bruce" g="admin" p="33188"/><f n="capi_maps.pyc" o="bruce" g="admin" p="33188"/><f n="capi_maps.pyo" o="bruce" g="admin" p="33188"/><f n="cb_rules.py" o="bruce" g="admin" p="33188"/><f n="cb_rules.pyc" o="bruce" g="admin" p="33188"/><f n="cb_rules.pyo" o="bruce" g="admin" p="33188"/><f n="cfuncs.py" o="bruce" g="admin" p="33188"/><f n="cfuncs.pyc" o="bruce" g="admin" p="33188"/><f n="cfuncs.pyo" o="bruce" g="admin" p="33188"/><f n="common_rules.py" o="bruce" g="admin" p="33188"/><f n="common_rules.pyc" o="bruce" g="admin" p="33188"/><f n="common_rules.pyo" o="bruce" g="admin" p="33188"/><f n="crackfortran.py" o="bruce" g="admin" p="33188"/><f n="crackfortran.pyc" o="bruce" g="admin" p="33188"/><f n="crackfortran.pyo" o="bruce" g="admin" p="33188"/><f n="diagnose.py" o="bruce" g="admin" p="33188"/><f n="diagnose.pyc" o="bruce" g="admin" p="33188"/><f n="diagnose.pyo" o="bruce" g="admin" p="33188"/><f n="docs" o="bruce" g="admin" p="16877"><f n="default.css" o="bruce" g="admin" p="33188"/><f n="docutils.conf" o="bruce" g="admin" p="33188"/><f n="FAQ.txt" o="bruce" g="admin" p="33188"/><f n="hello.f" o="bruce" g="admin" p="33188"/><f n="HISTORY.txt" o="bruce" g="admin" p="33188"/><f n="OLDNEWS.txt" o="bruce" g="admin" p="33188"/><f n="pyforttest.pyf" o="bruce" g="admin" p="33188"/><f n="pytest.py" o="bruce" g="admin" p="33188"/><f n="pytest.pyc" o="bruce" g="admin" p="33188"/><f n="pytest.pyo" o="bruce" g="admin" p="33188"/><f n="README.txt" o="bruce" g="admin" p="33188"/><f n="simple.f" o="bruce" g="admin" p="33188"/><f n="simple_session.dat" o="bruce" g="admin" p="33188"/><f n="TESTING.txt" o="bruce" g="admin" p="33188"/><f n="THANKS.txt" o="bruce" g="admin" p="33188"/><f n="usersguide" o="bruce" g="admin" p="16877"><f n="allocarr.f90" o="bruce" g="admin" p="33188"/><f n="allocarr_session.dat" o="bruce" g="admin" p="33188"/><f n="array.f" o="bruce" g="admin" p="33188"/><f n="array_session.dat" o="bruce" g="admin" p="33188"/><f n="calculate.f" o="bruce" g="admin" p="33188"/><f n="calculate_session.dat" o="bruce" g="admin" p="33188"/><f n="callback.f" o="bruce" g="admin" p="33188"/><f n="callback2.pyf" o="bruce" g="admin" p="33188"/><f n="callback_session.dat" o="bruce" g="admin" p="33188"/><f n="common.f" o="bruce" g="admin" p="33188"/><f n="common_session.dat" o="bruce" g="admin" p="33188"/><f n="compile_session.dat" o="bruce" g="admin" p="33188"/><f n="default.css" o="bruce" g="admin" p="33188"/><f n="docutils.conf" o="bruce" g="admin" p="33188"/><f n="extcallback.f" o="bruce" g="admin" p="33188"/><f n="extcallback_session.dat" o="bruce" g="admin" p="33188"/><f n="fib1.f" o="bruce" g="admin" p="33188"/><f n="fib1.pyf" o="bruce" g="admin" p="33188"/><f n="fib2.pyf" o="bruce" g="admin" p="33188"/><f n="fib3.f" o="bruce" g="admin" p="33188"/><f n="ftype.f" o="bruce" g="admin" p="33188"/><f n="ftype_session.dat" o="bruce" g="admin" p="33188"/><f n="index.txt" o="bruce" g="admin" p="33188"/><f n="moddata.f90" o="bruce" g="admin" p="33188"/><f n="moddata_session.dat" o="bruce" g="admin" p="33188"/><f n="run_main_session.dat" o="bruce" g="admin" p="33188"/><f n="scalar.f" o="bruce" g="admin" p="33188"/><f n="scalar_session.dat" o="bruce" g="admin" p="33188"/><f n="setup_example.py" o="bruce" g="admin" p="33188"/><f n="setup_example.pyc" o="bruce" g="admin" p="33188"/><f n="setup_example.pyo" o="bruce" g="admin" p="33188"/><f n="spam.pyf" o="bruce" g="admin" p="33188"/><f n="spam_session.dat" o="bruce" g="admin" p="33188"/><f n="string.f" o="bruce" g="admin" p="33188"/><f n="string_session.dat" o="bruce" g="admin" p="33188"/><f n="var.pyf" o="bruce" g="admin" p="33188"/><f n="var_session.dat" o="bruce" g="admin" p="33188"/></f></f><f n="f2py.1" o="bruce" g="admin" p="33188"/><f n="f2py2e.py" o="bruce" g="admin" p="33188"/><f n="f2py2e.pyc" o="bruce" g="admin" p="33188"/><f n="f2py2e.pyo" o="bruce" g="admin" p="33188"/><f n="f2py_testing.py" o="bruce" g="admin" p="33188"/><f n="f2py_testing.pyc" o="bruce" g="admin" p="33188"/><f n="f2py_testing.pyo" o="bruce" g="admin" p="33188"/><f n="f90mod_rules.py" o="bruce" g="admin" p="33188"/><f n="f90mod_rules.pyc" o="bruce" g="admin" p="33188"/><f n="f90mod_rules.pyo" o="bruce" g="admin" p="33188"/><f n="func2subr.py" o="bruce" g="admin" p="33188"/><f n="func2subr.pyc" o="bruce" g="admin" p="33188"/><f n="func2subr.pyo" o="bruce" g="admin" p="33188"/><f n="info.py" o="bruce" g="admin" p="33188"/><f n="info.pyc" o="bruce" g="admin" p="33188"/><f n="info.pyo" o="bruce" g="admin" p="33188"/><f n="rules.py" o="bruce" g="admin" p="33188"/><f n="rules.pyc" o="bruce" g="admin" p="33188"/><f n="rules.pyo" o="bruce" g="admin" p="33188"/><f n="setup.py" o="bruce" g="admin" p="33188"/><f n="setup.pyc" o="bruce" g="admin" p="33188"/><f n="setup.pyo" o="bruce" g="admin" p="33188"/><f n="setupscons.py" o="bruce" g="admin" p="33188"/><f n="setupscons.pyc" o="bruce" g="admin" p="33188"/><f n="setupscons.pyo" o="bruce" g="admin" p="33188"/><f n="src" o="bruce" g="admin" p="16877"><f n="fortranobject.c" o="bruce" g="admin" p="33188"/><f n="fortranobject.h" o="bruce" g="admin" p="33188"/></f><f n="tests" o="bruce" g="admin" p="16877"><f n="src" o="bruce" g="admin" p="16877"><f n="array_from_pyobj" o="bruce" g="admin" p="16877"><f n="wrapmodule.c" o="bruce" g="admin" p="33188"/></f><f n="mixed" o="bruce" g="admin" p="16877"><f n="foo.f" o="bruce" g="admin" p="33188"/><f n="foo_fixed.f90" o="bruce" g="admin" p="33188"/><f n="foo_free.f90" o="bruce" g="admin" p="33188"/></f></f><f n="test_array_from_pyobj.py" o="bruce" g="admin" p="33188"/><f n="test_array_from_pyobj.pyc" o="bruce" g="admin" p="33188"/><f n="test_array_from_pyobj.pyo" o="bruce" g="admin" p="33188"/><f n="test_callback.py" o="bruce" g="admin" p="33188"/><f n="test_callback.pyc" o="bruce" g="admin" p="33188"/><f n="test_callback.pyo" o="bruce" g="admin" p="33188"/><f n="test_mixed.py" o="bruce" g="admin" p="33188"/><f n="test_mixed.pyc" o="bruce" g="admin" p="33188"/><f n="test_mixed.pyo" o="bruce" g="admin" p="33188"/><f n="test_return_character.py" o="bruce" g="admin" p="33188"/><f n="test_return_character.pyc" o="bruce" g="admin" p="33188"/><f n="test_return_character.pyo" o="bruce" g="admin" p="33188"/><f n="test_return_complex.py" o="bruce" g="admin" p="33188"/><f n="test_return_complex.pyc" o="bruce" g="admin" p="33188"/><f n="test_return_complex.pyo" o="bruce" g="admin" p="33188"/><f n="test_return_integer.py" o="bruce" g="admin" p="33188"/><f n="test_return_integer.pyc" o="bruce" g="admin" p="33188"/><f n="test_return_integer.pyo" o="bruce" g="admin" p="33188"/><f n="test_return_logical.py" o="bruce" g="admin" p="33188"/><f n="test_return_logical.pyc" o="bruce" g="admin" p="33188"/><f n="test_return_logical.pyo" o="bruce" g="admin" p="33188"/><f n="test_return_real.py" o="bruce" g="admin" p="33188"/><f n="test_return_real.pyc" o="bruce" g="admin" p="33188"/><f n="test_return_real.pyo" o="bruce" g="admin" p="33188"/><f n="util.py" o="bruce" g="admin" p="33188"/><f n="util.pyc" o="bruce" g="admin" p="33188"/><f n="util.pyo" o="bruce" g="admin" p="33188"/></f><f n="use_rules.py" o="bruce" g="admin" p="33188"/><f n="use_rules.pyc" o="bruce" g="admin" p="33188"/><f n="use_rules.pyo" o="bruce" g="admin" p="33188"/></f><f n="fft" o="bruce" g="admin" p="16877"><f n="__init__.py" o="bruce" g="admin" p="33188"/><f n="__init__.pyc" o="bruce" g="admin" p="33188"/><f n="__init__.pyo" o="bruce" g="admin" p="33188"/><f n="fftpack.py" o="bruce" g="admin" p="33188"/><f n="fftpack.pyc" o="bruce" g="admin" p="33188"/><f n="fftpack.pyo" o="bruce" g="admin" p="33188"/><f n="fftpack_lite.so" o="bruce" g="admin" p="33261"/><f n="helper.py" o="bruce" g="admin" p="33188"/><f n="helper.pyc" o="bruce" g="admin" p="33188"/><f n="helper.pyo" o="bruce" g="admin" p="33188"/><f n="info.py" o="bruce" g="admin" p="33188"/><f n="info.pyc" o="bruce" g="admin" p="33188"/><f n="info.pyo" o="bruce" g="admin" p="33188"/><f n="setup.py" o="bruce" g="admin" p="33188"/><f n="setup.pyc" o="bruce" g="admin" p="33188"/><f n="setup.pyo" o="bruce" g="admin" p="33188"/><f n="setupscons.py" o="bruce" g="admin" p="33188"/><f n="setupscons.pyc" o="bruce" g="admin" p="33188"/><f n="setupscons.pyo" o="bruce" g="admin" p="33188"/><f n="tests" o="bruce" g="admin" p="16877"><f n="test_fftpack.py" o="bruce" g="admin" p="33188"/><f n="test_fftpack.pyc" o="bruce" g="admin" p="33188"/><f n="test_fftpack.pyo" o="bruce" g="admin" p="33188"/><f n="test_helper.py" o="bruce" g="admin" p="33188"/><f n="test_helper.pyc" o="bruce" g="admin" p="33188"/><f n="test_helper.pyo" o="bruce" g="admin" p="33188"/></f></f><f n="INSTALL.txt" o="bruce" g="admin" p="33188"/><f n="lib" o="bruce" g="admin" p="16877"><f n="__init__.py" o="bruce" g="admin" p="33188"/><f n="__init__.pyc" o="bruce" g="admin" p="33188"/><f n="__init__.pyo" o="bruce" g="admin" p="33188"/><f n="_compiled_base.so" o="bruce" g="admin" p="33261"/><f n="_datasource.py" o="bruce" g="admin" p="33188"/><f n="_datasource.pyc" o="bruce" g="admin" p="33188"/><f n="_datasource.pyo" o="bruce" g="admin" p="33188"/><f n="_iotools.py" o="bruce" g="admin" p="33188"/><f n="_iotools.pyc" o="bruce" g="admin" p="33188"/><f n="_iotools.pyo" o="bruce" g="admin" p="33188"/><f n="arraysetops.py" o="bruce" g="admin" p="33188"/><f n="arraysetops.pyc" o="bruce" g="admin" p="33188"/><f n="arraysetops.pyo" o="bruce" g="admin" p="33188"/><f n="arrayterator.py" o="bruce" g="admin" p="33188"/><f n="arrayterator.pyc" o="bruce" g="admin" p="33188"/><f n="arrayterator.pyo" o="bruce" g="admin" p="33188"/><f n="benchmarks" o="bruce" g="admin" p="16877"><f n="bench_arraysetops.py" o="bruce" g="admin" p="33188"/><f n="bench_arraysetops.pyc" o="bruce" g="admin" p="33188"/><f n="bench_arraysetops.pyo" o="bruce" g="admin" p="33188"/></f><f n="financial.py" o="bruce" g="admin" p="33188"/><f n="financial.pyc" o="bruce" g="admin" p="33188"/><f n="financial.pyo" o="bruce" g="admin" p="33188"/><f n="format.py" o="bruce" g="admin" p="33188"/><f n="format.pyc" o="bruce" g="admin" p="33188"/><f n="format.pyo" o="bruce" g="admin" p="33188"/><f n="function_base.py" o="bruce" g="admin" p="33188"/><f n="function_base.pyc" o="bruce" g="admin" p="33188"/><f n="function_base.pyo" o="bruce" g="admin" p="33188"/><f n="index_tricks.py" o="bruce" g="admin" p="33188"/><f n="index_tricks.pyc" o="bruce" g="admin" p="33188"/><f n="index_tricks.pyo" o="bruce" g="admin" p="33188"/><f n="info.py" o="bruce" g="admin" p="33188"/><f n="info.pyc" o="bruce" g="admin" p="33188"/><f n="info.pyo" o="bruce" g="admin" p="33188"/><f n="npyio.py" o="bruce" g="admin" p="33188"/><f n="npyio.pyc" o="bruce" g="admin" p="33188"/><f n="npyio.pyo" o="bruce" g="admin" p="33188"/><f n="polynomial.py" o="bruce" g="admin" p="33188"/><f n="polynomial.pyc" o="bruce" g="admin" p="33188"/><f n="polynomial.pyo" o="bruce" g="admin" p="33188"/><f n="recfunctions.py" o="bruce" g="admin" p="33188"/><f n="recfunctions.pyc" o="bruce" g="admin" p="33188"/><f n="recfunctions.pyo" o="bruce" g="admin" p="33188"/><f n="scimath.py" o="bruce" g="admin" p="33188"/><f n="scimath.pyc" o="bruce" g="admin" p="33188"/><f n="scimath.pyo" o="bruce" g="admin" p="33188"/><f n="setup.py" o="bruce" g="admin" p="33188"/><f n="setup.pyc" o="bruce" g="admin" p="33188"/><f n="setup.pyo" o="bruce" g="admin" p="33188"/><f n="setupscons.py" o="bruce" g="admin" p="33188"/><f n="setupscons.pyc" o="bruce" g="admin" p="33188"/><f n="setupscons.pyo" o="bruce" g="admin" p="33188"/><f n="shape_base.py" o="bruce" g="admin" p="33188"/><f n="shape_base.pyc" o="bruce" g="admin" p="33188"/><f n="shape_base.pyo" o="bruce" g="admin" p="33188"/><f n="stride_tricks.py" o="bruce" g="admin" p="33188"/><f n="stride_tricks.pyc" o="bruce" g="admin" p="33188"/><f n="stride_tricks.pyo" o="bruce" g="admin" p="33188"/><f n="tests" o="bruce" g="admin" p="16877"><f n="test__datasource.py" o="bruce" g="admin" p="33188"/><f n="test__datasource.pyc" o="bruce" g="admin" p="33188"/><f n="test__datasource.pyo" o="bruce" g="admin" p="33188"/><f n="test__iotools.py" o="bruce" g="admin" p="33188"/><f n="test__iotools.pyc" o="bruce" g="admin" p="33188"/><f n="test__iotools.pyo" o="bruce" g="admin" p="33188"/><f n="test_arraysetops.py" o="bruce" g="admin" p="33188"/><f n="test_arraysetops.pyc" o="bruce" g="admin" p="33188"/><f n="test_arraysetops.pyo" o="bruce" g="admin" p="33188"/><f n="test_arrayterator.py" o="bruce" g="admin" p="33188"/><f n="test_arrayterator.pyc" o="bruce" g="admin" p="33188"/><f n="test_arrayterator.pyo" o="bruce" g="admin" p="33188"/><f n="test_financial.py" o="bruce" g="admin" p="33188"/><f n="test_financial.pyc" o="bruce" g="admin" p="33188"/><f n="test_financial.pyo" o="bruce" g="admin" p="33188"/><f n="test_format.py" o="bruce" g="admin" p="33188"/><f n="test_format.pyc" o="bruce" g="admin" p="33188"/><f n="test_format.pyo" o="bruce" g="admin" p="33188"/><f n="test_function_base.py" o="bruce" g="admin" p="33188"/><f n="test_function_base.pyc" o="bruce" g="admin" p="33188"/><f n="test_function_base.pyo" o="bruce" g="admin" p="33188"/><f n="test_index_tricks.py" o="bruce" g="admin" p="33188"/><f n="test_index_tricks.pyc" o="bruce" g="admin" p="33188"/><f n="test_index_tricks.pyo" o="bruce" g="admin" p="33188"/><f n="test_io.py" o="bruce" g="admin" p="33188"/><f n="test_io.pyc" o="bruce" g="admin" p="33188"/><f n="test_io.pyo" o="bruce" g="admin" p="33188"/><f n="test_polynomial.py" o="bruce" g="admin" p="33188"/><f n="test_polynomial.pyc" o="bruce" g="admin" p="33188"/><f n="test_polynomial.pyo" o="bruce" g="admin" p="33188"/><f n="test_recfunctions.py" o="bruce" g="admin" p="33188"/><f n="test_recfunctions.pyc" o="bruce" g="admin" p="33188"/><f n="test_recfunctions.pyo" o="bruce" g="admin" p="33188"/><f n="test_regression.py" o="bruce" g="admin" p="33188"/><f n="test_regression.pyc" o="bruce" g="admin" p="33188"/><f n="test_regression.pyo" o="bruce" g="admin" p="33188"/><f n="test_shape_base.py" o="bruce" g="admin" p="33188"/><f n="test_shape_base.pyc" o="bruce" g="admin" p="33188"/><f n="test_shape_base.pyo" o="bruce" g="admin" p="33188"/><f n="test_stride_tricks.py" o="bruce" g="admin" p="33188"/><f n="test_stride_tricks.pyc" o="bruce" g="admin" p="33188"/><f n="test_stride_tricks.pyo" o="bruce" g="admin" p="33188"/><f n="test_twodim_base.py" o="bruce" g="admin" p="33188"/><f n="test_twodim_base.pyc" o="bruce" g="admin" p="33188"/><f n="test_twodim_base.pyo" o="bruce" g="admin" p="33188"/><f n="test_type_check.py" o="bruce" g="admin" p="33188"/><f n="test_type_check.pyc" o="bruce" g="admin" p="33188"/><f n="test_type_check.pyo" o="bruce" g="admin" p="33188"/><f n="test_ufunclike.py" o="bruce" g="admin" p="33188"/><f n="test_ufunclike.pyc" o="bruce" g="admin" p="33188"/><f n="test_ufunclike.pyo" o="bruce" g="admin" p="33188"/><f n="test_utils.py" o="bruce" g="admin" p="33188"/><f n="test_utils.pyc" o="bruce" g="admin" p="33188"/><f n="test_utils.pyo" o="bruce" g="admin" p="33188"/></f><f n="twodim_base.py" o="bruce" g="admin" p="33188"/><f n="twodim_base.pyc" o="bruce" g="admin" p="33188"/><f n="twodim_base.pyo" o="bruce" g="admin" p="33188"/><f n="type_check.py" o="bruce" g="admin" p="33188"/><f n="type_check.pyc" o="bruce" g="admin" p="33188"/><f n="type_check.pyo" o="bruce" g="admin" p="33188"/><f n="ufunclike.py" o="bruce" g="admin" p="33188"/><f n="ufunclike.pyc" o="bruce" g="admin" p="33188"/><f n="ufunclike.pyo" o="bruce" g="admin" p="33188"/><f n="user_array.py" o="bruce" g="admin" p="33188"/><f n="user_array.pyc" o="bruce" g="admin" p="33188"/><f n="user_array.pyo" o="bruce" g="admin" p="33188"/><f n="utils.py" o="bruce" g="admin" p="33188"/><f n="utils.pyc" o="bruce" g="admin" p="33188"/><f n="utils.pyo" o="bruce" g="admin" p="33188"/></f><f n="LICENSE.txt" o="bruce" g="admin" p="33188"/><f n="linalg" o="bruce" g="admin" p="16877"><f n="__init__.py" o="bruce" g="admin" p="33188"/><f n="__init__.pyc" o="bruce" g="admin" p="33188"/><f n="__init__.pyo" o="bruce" g="admin" p="33188"/><f n="info.py" o="bruce" g="admin" p="33188"/><f n="info.pyc" o="bruce" g="admin" p="33188"/><f n="info.pyo" o="bruce" g="admin" p="33188"/><f n="lapack_lite.so" o="bruce" g="admin" p="33261"/><f n="linalg.py" o="bruce" g="admin" p="33188"/><f n="linalg.pyc" o="bruce" g="admin" p="33188"/><f n="linalg.pyo" o="bruce" g="admin" p="33188"/><f n="setup.py" o="bruce" g="admin" p="33188"/><f n="setup.pyc" o="bruce" g="admin" p="33188"/><f n="setup.pyo" o="bruce" g="admin" p="33188"/><f n="setupscons.py" o="bruce" g="admin" p="33188"/><f n="setupscons.pyc" o="bruce" g="admin" p="33188"/><f n="setupscons.pyo" o="bruce" g="admin" p="33188"/><f n="tests" o="bruce" g="admin" p="16877"><f n="test_build.py" o="bruce" g="admin" p="33188"/><f n="test_build.pyc" o="bruce" g="admin" p="33188"/><f n="test_build.pyo" o="bruce" g="admin" p="33188"/><f n="test_linalg.py" o="bruce" g="admin" p="33188"/><f n="test_linalg.pyc" o="bruce" g="admin" p="33188"/><f n="test_linalg.pyo" o="bruce" g="admin" p="33188"/><f n="test_regression.py" o="bruce" g="admin" p="33188"/><f n="test_regression.pyc" o="bruce" g="admin" p="33188"/><f n="test_regression.pyo" o="bruce" g="admin" p="33188"/></f></f><f n="ma" o="bruce" g="admin" p="16877"><f n="__init__.py" o="bruce" g="admin" p="33188"/><f n="__init__.pyc" o="bruce" g="admin" p="33188"/><f n="__init__.pyo" o="bruce" g="admin" p="33188"/><f n="bench.py" o="bruce" g="admin" p="33188"/><f n="bench.pyc" o="bruce" g="admin" p="33188"/><f n="bench.pyo" o="bruce" g="admin" p="33188"/><f n="core.py" o="bruce" g="admin" p="33188"/><f n="core.pyc" o="bruce" g="admin" p="33188"/><f n="core.pyo" o="bruce" g="admin" p="33188"/><f n="extras.py" o="bruce" g="admin" p="33188"/><f n="extras.pyc" o="bruce" g="admin" p="33188"/><f n="extras.pyo" o="bruce" g="admin" p="33188"/><f n="mrecords.py" o="bruce" g="admin" p="33188"/><f n="mrecords.pyc" o="bruce" g="admin" p="33188"/><f n="mrecords.pyo" o="bruce" g="admin" p="33188"/><f n="setup.py" o="bruce" g="admin" p="33188"/><f n="setup.pyc" o="bruce" g="admin" p="33188"/><f n="setup.pyo" o="bruce" g="admin" p="33188"/><f n="setupscons.py" o="bruce" g="admin" p="33188"/><f n="setupscons.pyc" o="bruce" g="admin" p="33188"/><f n="setupscons.pyo" o="bruce" g="admin" p="33188"/><f n="tests" o="bruce" g="admin" p="16877"><f n="test_core.py" o="bruce" g="admin" p="33188"/><f n="test_core.pyc" o="bruce" g="admin" p="33188"/><f n="test_core.pyo" o="bruce" g="admin" p="33188"/><f n="test_extras.py" o="bruce" g="admin" p="33188"/><f n="test_extras.pyc" o="bruce" g="admin" p="33188"/><f n="test_extras.pyo" o="bruce" g="admin" p="33188"/><f n="test_mrecords.py" o="bruce" g="admin" p="33188"/><f n="test_mrecords.pyc" o="bruce" g="admin" p="33188"/><f n="test_mrecords.pyo" o="bruce" g="admin" p="33188"/><f n="test_old_ma.py" o="bruce" g="admin" p="33188"/><f n="test_old_ma.pyc" o="bruce" g="admin" p="33188"/><f n="test_old_ma.pyo" o="bruce" g="admin" p="33188"/><f n="test_regression.py" o="bruce" g="admin" p="33188"/><f n="test_regression.pyc" o="bruce" g="admin" p="33188"/><f n="test_regression.pyo" o="bruce" g="admin" p="33188"/><f n="test_subclassing.py" o="bruce" g="admin" p="33188"/><f n="test_subclassing.pyc" o="bruce" g="admin" p="33188"/><f n="test_subclassing.pyo" o="bruce" g="admin" p="33188"/></f><f n="testutils.py" o="bruce" g="admin" p="33188"/><f n="testutils.pyc" o="bruce" g="admin" p="33188"/><f n="testutils.pyo" o="bruce" g="admin" p="33188"/><f n="timer_comparison.py" o="bruce" g="admin" p="33188"/><f n="timer_comparison.pyc" o="bruce" g="admin" p="33188"/><f n="timer_comparison.pyo" o="bruce" g="admin" p="33188"/><f n="version.py" o="bruce" g="admin" p="33188"/><f n="version.pyc" o="bruce" g="admin" p="33188"/><f n="version.pyo" o="bruce" g="admin" p="33188"/></f><f n="matlib.py" o="bruce" g="admin" p="33188"/><f n="matlib.pyc" o="bruce" g="admin" p="33188"/><f n="matlib.pyo" o="bruce" g="admin" p="33188"/><f n="matrixlib" o="bruce" g="admin" p="16877"><f n="__init__.py" o="bruce" g="admin" p="33188"/><f n="__init__.pyc" o="bruce" g="admin" p="33188"/><f n="__init__.pyo" o="bruce" g="admin" p="33188"/><f n="defmatrix.py" o="bruce" g="admin" p="33188"/><f n="defmatrix.pyc" o="bruce" g="admin" p="33188"/><f n="defmatrix.pyo" o="bruce" g="admin" p="33188"/><f n="setup.py" o="bruce" g="admin" p="33188"/><f n="setup.pyc" o="bruce" g="admin" p="33188"/><f n="setup.pyo" o="bruce" g="admin" p="33188"/><f n="setupscons.py" o="bruce" g="admin" p="33188"/><f n="setupscons.pyc" o="bruce" g="admin" p="33188"/><f n="setupscons.pyo" o="bruce" g="admin" p="33188"/><f n="tests" o="bruce" g="admin" p="16877"><f n="test_defmatrix.py" o="bruce" g="admin" p="33188"/><f n="test_defmatrix.pyc" o="bruce" g="admin" p="33188"/><f n="test_defmatrix.pyo" o="bruce" g="admin" p="33188"/><f n="test_multiarray.py" o="bruce" g="admin" p="33188"/><f n="test_multiarray.pyc" o="bruce" g="admin" p="33188"/><f n="test_multiarray.pyo" o="bruce" g="admin" p="33188"/><f n="test_numeric.py" o="bruce" g="admin" p="33188"/><f n="test_numeric.pyc" o="bruce" g="admin" p="33188"/><f n="test_numeric.pyo" o="bruce" g="admin" p="33188"/><f n="test_regression.py" o="bruce" g="admin" p="33188"/><f n="test_regression.pyc" o="bruce" g="admin" p="33188"/><f n="test_regression.pyo" o="bruce" g="admin" p="33188"/></f></f><f n="numarray" o="bruce" g="admin" p="16877"><f n="__init__.py" o="bruce" g="admin" p="33188"/><f n="__init__.pyc" o="bruce" g="admin" p="33188"/><f n="__init__.pyo" o="bruce" g="admin" p="33188"/><f n="_capi.so" o="bruce" g="admin" p="33261"/><f n="alter_code1.py" o="bruce" g="admin" p="33188"/><f n="alter_code1.pyc" o="bruce" g="admin" p="33188"/><f n="alter_code1.pyo" o="bruce" g="admin" p="33188"/><f n="alter_code2.py" o="bruce" g="admin" p="33188"/><f n="alter_code2.pyc" o="bruce" g="admin" p="33188"/><f n="alter_code2.pyo" o="bruce" g="admin" p="33188"/><f n="compat.py" o="bruce" g="admin" p="33188"/><f n="compat.pyc" o="bruce" g="admin" p="33188"/><f n="compat.pyo" o="bruce" g="admin" p="33188"/><f n="convolve.py" o="bruce" g="admin" p="33188"/><f n="convolve.pyc" o="bruce" g="admin" p="33188"/><f n="convolve.pyo" o="bruce" g="admin" p="33188"/><f n="fft.py" o="bruce" g="admin" p="33188"/><f n="fft.pyc" o="bruce" g="admin" p="33188"/><f n="fft.pyo" o="bruce" g="admin" p="33188"/><f n="functions.py" o="bruce" g="admin" p="33188"/><f n="functions.pyc" o="bruce" g="admin" p="33188"/><f n="functions.pyo" o="bruce" g="admin" p="33188"/><f n="image.py" o="bruce" g="admin" p="33188"/><f n="image.pyc" o="bruce" g="admin" p="33188"/><f n="image.pyo" o="bruce" g="admin" p="33188"/><f n="include" o="bruce" g="admin" p="16877"><f n="numpy" o="bruce" g="admin" p="16877"><f n="arraybase.h" o="bruce" g="admin" p="33188"/><f n="cfunc.h" o="bruce" g="admin" p="33188"/><f n="ieeespecial.h" o="bruce" g="admin" p="33188"/><f n="libnumarray.h" o="bruce" g="admin" p="33188"/><f n="numcomplex.h" o="bruce" g="admin" p="33188"/><f n="nummacro.h" o="bruce" g="admin" p="33188"/></f></f><f n="linear_algebra.py" o="bruce" g="admin" p="33188"/><f n="linear_algebra.pyc" o="bruce" g="admin" p="33188"/><f n="linear_algebra.pyo" o="bruce" g="admin" p="33188"/><f n="ma.py" o="bruce" g="admin" p="33188"/><f n="ma.pyc" o="bruce" g="admin" p="33188"/><f n="ma.pyo" o="bruce" g="admin" p="33188"/><f n="matrix.py" o="bruce" g="admin" p="33188"/><f n="matrix.pyc" o="bruce" g="admin" p="33188"/><f n="matrix.pyo" o="bruce" g="admin" p="33188"/><f n="mlab.py" o="bruce" g="admin" p="33188"/><f n="mlab.pyc" o="bruce" g="admin" p="33188"/><f n="mlab.pyo" o="bruce" g="admin" p="33188"/><f n="nd_image.py" o="bruce" g="admin" p="33188"/><f n="nd_image.pyc" o="bruce" g="admin" p="33188"/><f n="nd_image.pyo" o="bruce" g="admin" p="33188"/><f n="numerictypes.py" o="bruce" g="admin" p="33188"/><f n="numerictypes.pyc" o="bruce" g="admin" p="33188"/><f n="numerictypes.pyo" o="bruce" g="admin" p="33188"/><f n="random_array.py" o="bruce" g="admin" p="33188"/><f n="random_array.pyc" o="bruce" g="admin" p="33188"/><f n="random_array.pyo" o="bruce" g="admin" p="33188"/><f n="session.py" o="bruce" g="admin" p="33188"/><f n="session.pyc" o="bruce" g="admin" p="33188"/><f n="session.pyo" o="bruce" g="admin" p="33188"/><f n="setup.py" o="bruce" g="admin" p="33188"/><f n="setup.pyc" o="bruce" g="admin" p="33188"/><f n="setup.pyo" o="bruce" g="admin" p="33188"/><f n="setupscons.py" o="bruce" g="admin" p="33188"/><f n="setupscons.pyc" o="bruce" g="admin" p="33188"/><f n="setupscons.pyo" o="bruce" g="admin" p="33188"/><f n="ufuncs.py" o="bruce" g="admin" p="33188"/><f n="ufuncs.pyc" o="bruce" g="admin" p="33188"/><f n="ufuncs.pyo" o="bruce" g="admin" p="33188"/><f n="util.py" o="bruce" g="admin" p="33188"/><f n="util.pyc" o="bruce" g="admin" p="33188"/><f n="util.pyo" o="bruce" g="admin" p="33188"/></f><f n="oldnumeric" o="bruce" g="admin" p="16877"><f n="__init__.py" o="bruce" g="admin" p="33188"/><f n="__init__.pyc" o="bruce" g="admin" p="33188"/><f n="__init__.pyo" o="bruce" g="admin" p="33188"/><f n="alter_code1.py" o="bruce" g="admin" p="33188"/><f n="alter_code1.pyc" o="bruce" g="admin" p="33188"/><f n="alter_code1.pyo" o="bruce" g="admin" p="33188"/><f n="alter_code2.py" o="bruce" g="admin" p="33188"/><f n="alter_code2.pyc" o="bruce" g="admin" p="33188"/><f n="alter_code2.pyo" o="bruce" g="admin" p="33188"/><f n="array_printer.py" o="bruce" g="admin" p="33188"/><f n="array_printer.pyc" o="bruce" g="admin" p="33188"/><f n="array_printer.pyo" o="bruce" g="admin" p="33188"/><f n="arrayfns.py" o="bruce" g="admin" p="33188"/><f n="arrayfns.pyc" o="bruce" g="admin" p="33188"/><f n="arrayfns.pyo" o="bruce" g="admin" p="33188"/><f n="compat.py" o="bruce" g="admin" p="33188"/><f n="compat.pyc" o="bruce" g="admin" p="33188"/><f n="compat.pyo" o="bruce" g="admin" p="33188"/><f n="fft.py" o="bruce" g="admin" p="33188"/><f n="fft.pyc" o="bruce" g="admin" p="33188"/><f n="fft.pyo" o="bruce" g="admin" p="33188"/><f n="fix_default_axis.py" o="bruce" g="admin" p="33188"/><f n="fix_default_axis.pyc" o="bruce" g="admin" p="33188"/><f n="fix_default_axis.pyo" o="bruce" g="admin" p="33188"/><f n="functions.py" o="bruce" g="admin" p="33188"/><f n="functions.pyc" o="bruce" g="admin" p="33188"/><f n="functions.pyo" o="bruce" g="admin" p="33188"/><f n="linear_algebra.py" o="bruce" g="admin" p="33188"/><f n="linear_algebra.pyc" o="bruce" g="admin" p="33188"/><f n="linear_algebra.pyo" o="bruce" g="admin" p="33188"/><f n="ma.py" o="bruce" g="admin" p="33188"/><f n="ma.pyc" o="bruce" g="admin" p="33188"/><f n="ma.pyo" o="bruce" g="admin" p="33188"/><f n="matrix.py" o="bruce" g="admin" p="33188"/><f n="matrix.pyc" o="bruce" g="admin" p="33188"/><f n="matrix.pyo" o="bruce" g="admin" p="33188"/><f n="misc.py" o="bruce" g="admin" p="33188"/><f n="misc.pyc" o="bruce" g="admin" p="33188"/><f n="misc.pyo" o="bruce" g="admin" p="33188"/><f n="mlab.py" o="bruce" g="admin" p="33188"/><f n="mlab.pyc" o="bruce" g="admin" p="33188"/><f n="mlab.pyo" o="bruce" g="admin" p="33188"/><f n="precision.py" o="bruce" g="admin" p="33188"/><f n="precision.pyc" o="bruce" g="admin" p="33188"/><f n="precision.pyo" o="bruce" g="admin" p="33188"/><f n="random_array.py" o="bruce" g="admin" p="33188"/><f n="random_array.pyc" o="bruce" g="admin" p="33188"/><f n="random_array.pyo" o="bruce" g="admin" p="33188"/><f n="rng.py" o="bruce" g="admin" p="33188"/><f n="rng.pyc" o="bruce" g="admin" p="33188"/><f n="rng.pyo" o="bruce" g="admin" p="33188"/><f n="rng_stats.py" o="bruce" g="admin" p="33188"/><f n="rng_stats.pyc" o="bruce" g="admin" p="33188"/><f n="rng_stats.pyo" o="bruce" g="admin" p="33188"/><f n="setup.py" o="bruce" g="admin" p="33188"/><f n="setup.pyc" o="bruce" g="admin" p="33188"/><f n="setup.pyo" o="bruce" g="admin" p="33188"/><f n="setupscons.py" o="bruce" g="admin" p="33188"/><f n="setupscons.pyc" o="bruce" g="admin" p="33188"/><f n="setupscons.pyo" o="bruce" g="admin" p="33188"/><f n="tests" o="bruce" g="admin" p="16877"><f n="test_oldnumeric.py" o="bruce" g="admin" p="33188"/><f n="test_oldnumeric.pyc" o="bruce" g="admin" p="33188"/><f n="test_oldnumeric.pyo" o="bruce" g="admin" p="33188"/><f n="test_regression.py" o="bruce" g="admin" p="33188"/><f n="test_regression.pyc" o="bruce" g="admin" p="33188"/><f n="test_regression.pyo" o="bruce" g="admin" p="33188"/></f><f n="typeconv.py" o="bruce" g="admin" p="33188"/><f n="typeconv.pyc" o="bruce" g="admin" p="33188"/><f n="typeconv.pyo" o="bruce" g="admin" p="33188"/><f n="ufuncs.py" o="bruce" g="admin" p="33188"/><f n="ufuncs.pyc" o="bruce" g="admin" p="33188"/><f n="ufuncs.pyo" o="bruce" g="admin" p="33188"/><f n="user_array.py" o="bruce" g="admin" p="33188"/><f n="user_array.pyc" o="bruce" g="admin" p="33188"/><f n="user_array.pyo" o="bruce" g="admin" p="33188"/></f><f n="polynomial" o="bruce" g="admin" p="16877"><f n="__init__.py" o="bruce" g="admin" p="33188"/><f n="__init__.pyc" o="bruce" g="admin" p="33188"/><f n="__init__.pyo" o="bruce" g="admin" p="33188"/><f n="chebyshev.py" o="bruce" g="admin" p="33188"/><f n="chebyshev.pyc" o="bruce" g="admin" p="33188"/><f n="chebyshev.pyo" o="bruce" g="admin" p="33188"/><f n="polynomial.py" o="bruce" g="admin" p="33188"/><f n="polynomial.pyc" o="bruce" g="admin" p="33188"/><f n="polynomial.pyo" o="bruce" g="admin" p="33188"/><f n="polytemplate.py" o="bruce" g="admin" p="33188"/><f n="polytemplate.pyc" o="bruce" g="admin" p="33188"/><f n="polytemplate.pyo" o="bruce" g="admin" p="33188"/><f n="polyutils.py" o="bruce" g="admin" p="33188"/><f n="polyutils.pyc" o="bruce" g="admin" p="33188"/><f n="polyutils.pyo" o="bruce" g="admin" p="33188"/><f n="setup.py" o="bruce" g="admin" p="33188"/><f n="setup.pyc" o="bruce" g="admin" p="33188"/><f n="setup.pyo" o="bruce" g="admin" p="33188"/><f n="tests" o="bruce" g="admin" p="16877"><f n="test_chebyshev.py" o="bruce" g="admin" p="33188"/><f n="test_chebyshev.pyc" o="bruce" g="admin" p="33188"/><f n="test_chebyshev.pyo" o="bruce" g="admin" p="33188"/><f n="test_polynomial.py" o="bruce" g="admin" p="33188"/><f n="test_polynomial.pyc" o="bruce" g="admin" p="33188"/><f n="test_polynomial.pyo" o="bruce" g="admin" p="33188"/><f n="test_polyutils.py" o="bruce" g="admin" p="33188"/><f n="test_polyutils.pyc" o="bruce" g="admin" p="33188"/><f n="test_polyutils.pyo" o="bruce" g="admin" p="33188"/></f></f><f n="random" o="bruce" g="admin" p="16877"><f n="__init__.py" o="bruce" g="admin" p="33188"/><f n="__init__.pyc" o="bruce" g="admin" p="33188"/><f n="__init__.pyo" o="bruce" g="admin" p="33188"/><f n="info.py" o="bruce" g="admin" p="33188"/><f n="info.pyc" o="bruce" g="admin" p="33188"/><f n="info.pyo" o="bruce" g="admin" p="33188"/><f n="mtrand.so" o="bruce" g="admin" p="33261"/><f n="randomkit.h" o="bruce" g="admin" p="33188"/><f n="setup.py" o="bruce" g="admin" p="33188"/><f n="setup.pyc" o="bruce" g="admin" p="33188"/><f n="setup.pyo" o="bruce" g="admin" p="33188"/><f n="setupscons.py" o="bruce" g="admin" p="33188"/><f n="setupscons.pyc" o="bruce" g="admin" p="33188"/><f n="setupscons.pyo" o="bruce" g="admin" p="33188"/><f n="tests" o="bruce" g="admin" p="16877"><f n="test_random.py" o="bruce" g="admin" p="33188"/><f n="test_random.pyc" o="bruce" g="admin" p="33188"/><f n="test_random.pyo" o="bruce" g="admin" p="33188"/></f></f><f n="README.txt" o="bruce" g="admin" p="33188"/><f n="setup.py" o="bruce" g="admin" p="33188"/><f n="setup.pyc" o="bruce" g="admin" p="33188"/><f n="setup.pyo" o="bruce" g="admin" p="33188"/><f n="setupscons.py" o="bruce" g="admin" p="33188"/><f n="setupscons.pyc" o="bruce" g="admin" p="33188"/><f n="setupscons.pyo" o="bruce" g="admin" p="33188"/><f n="site.cfg.example" o="bruce" g="admin" p="33188"/><f n="testing" o="bruce" g="admin" p="16877"><f n="__init__.py" o="bruce" g="admin" p="33188"/><f n="__init__.pyc" o="bruce" g="admin" p="33188"/><f n="__init__.pyo" o="bruce" g="admin" p="33188"/><f n="decorators.py" o="bruce" g="admin" p="33188"/><f n="decorators.pyc" o="bruce" g="admin" p="33188"/><f n="decorators.pyo" o="bruce" g="admin" p="33188"/><f n="noseclasses.py" o="bruce" g="admin" p="33188"/><f n="noseclasses.pyc" o="bruce" g="admin" p="33188"/><f n="noseclasses.pyo" o="bruce" g="admin" p="33188"/><f n="nosetester.py" o="bruce" g="admin" p="33188"/><f n="nosetester.pyc" o="bruce" g="admin" p="33188"/><f n="nosetester.pyo" o="bruce" g="admin" p="33188"/><f n="nulltester.py" o="bruce" g="admin" p="33188"/><f n="nulltester.pyc" o="bruce" g="admin" p="33188"/><f n="nulltester.pyo" o="bruce" g="admin" p="33188"/><f n="numpytest.py" o="bruce" g="admin" p="33188"/><f n="numpytest.pyc" o="bruce" g="admin" p="33188"/><f n="numpytest.pyo" o="bruce" g="admin" p="33188"/><f n="setup.py" o="bruce" g="admin" p="33188"/><f n="setup.pyc" o="bruce" g="admin" p="33188"/><f n="setup.pyo" o="bruce" g="admin" p="33188"/><f n="setupscons.py" o="bruce" g="admin" p="33188"/><f n="setupscons.pyc" o="bruce" g="admin" p="33188"/><f n="setupscons.pyo" o="bruce" g="admin" p="33188"/><f n="tests" o="bruce" g="admin" p="16877"><f n="test_decorators.py" o="bruce" g="admin" p="33188"/><f n="test_decorators.pyc" o="bruce" g="admin" p="33188"/><f n="test_decorators.pyo" o="bruce" g="admin" p="33188"/><f n="test_utils.py" o="bruce" g="admin" p="33188"/><f n="test_utils.pyc" o="bruce" g="admin" p="33188"/><f n="test_utils.pyo" o="bruce" g="admin" p="33188"/></f><f n="utils.py" o="bruce" g="admin" p="33188"/><f n="utils.pyc" o="bruce" g="admin" p="33188"/><f n="utils.pyo" o="bruce" g="admin" p="33188"/></f><f n="tests" o="bruce" g="admin" p="16877"><f n="test_ctypeslib.py" o="bruce" g="admin" p="33188"/><f n="test_ctypeslib.pyc" o="bruce" g="admin" p="33188"/><f n="test_ctypeslib.pyo" o="bruce" g="admin" p="33188"/><f n="test_matlib.py" o="bruce" g="admin" p="33188"/><f n="test_matlib.pyc" o="bruce" g="admin" p="33188"/><f n="test_matlib.pyo" o="bruce" g="admin" p="33188"/></f><f n="THANKS.txt" o="bruce" g="admin" p="33188"/><f n="tools" o="bruce" g="admin" p="16877"><f n="py3tool.py" o="bruce" g="admin" p="33261"/><f n="py3tool.pyc" o="bruce" g="admin" p="33188"/><f n="py3tool.pyo" o="bruce" g="admin" p="33188"/></f><f n="version.py" o="bruce" g="admin" p="33188"/><f n="version.pyc" o="bruce" g="admin" p="33188"/><f n="version.pyo" o="bruce" g="admin" p="33188"/></f></pkg-contents>