<pkg-contents spec="1.12"><f n="ttfquery" o="bruce" g="admin" p="16877" pt="/Users/bruce/Documents/workspace/stage2.7/ttfquery" m="false" t="file"><f n="__init__.py" o="bruce" g="admin" p="33188"/><f n="__init__.pyc" o="bruce" g="admin" p="33188"/><f n="_scriptregistry.py" o="bruce" g="admin" p="33188"/><f n="_scriptregistry.pyc" o="bruce" g="admin" p="33188"/><f n="describe.py" o="bruce" g="admin" p="33188"/><f n="describe.pyc" o="bruce" g="admin" p="33188"/><f n="family_query.py" o="bruce" g="admin" p="33188"/><f n="family_query.pyc" o="bruce" g="admin" p="33188"/><f n="findsystem.py" o="bruce" g="admin" p="33188"/><f n="findsystem.pyc" o="bruce" g="admin" p="33188"/><f n="font_family_groups.py" o="bruce" g="admin" p="33188"/><f n="font_family_groups.pyc" o="bruce" g="admin" p="33188"/><f n="glyph.py" o="bruce" g="admin" p="33188"/><f n="glyph.pyc" o="bruce" g="admin" p="33188"/><f n="glyphquery.py" o="bruce" g="admin" p="33188"/><f n="glyphquery.pyc" o="bruce" g="admin" p="33188"/><f n="guessdescription.py" o="bruce" g="admin" p="33188"/><f n="guessdescription.pyc" o="bruce" g="admin" p="33188"/><f n="metadata_query.py" o="bruce" g="admin" p="33188"/><f n="metadata_query.pyc" o="bruce" g="admin" p="33188"/><f n="ttffiles.py" o="bruce" g="admin" p="33188"/><f n="ttffiles.pyc" o="bruce" g="admin" p="33188"/></f></pkg-contents>