<pkg-contents spec="1.12"><f n="Polygon" o="bruce" g="admin" p="16877" pt="/Users/bruce/Documents/workspace/stage2.7/Polygon" m="false" t="file"><f n="__init__.py" o="bruce" g="admin" p="33188"/><f n="__init__.pyc" o="bruce" g="admin" p="33188"/><f n="cPolygon.so" o="bruce" g="admin" p="33261"/><f n="doc" o="bruce" g="admin" p="16877"><f n="Examples.py" o="bruce" g="admin" p="33188"/><f n="Polygon.txt" o="bruce" g="admin" p="33188"/><f n="testpoly.gpf" o="bruce" g="admin" p="33188"/></f><f n="IO.py" o="bruce" g="admin" p="33188"/><f n="IO.pyc" o="bruce" g="admin" p="33188"/><f n="Shapes.py" o="bruce" g="admin" p="33188"/><f n="Shapes.pyc" o="bruce" g="admin" p="33188"/><f n="Utils.py" o="bruce" g="admin" p="33188"/><f n="Utils.pyc" o="bruce" g="admin" p="33188"/></f></pkg-contents>