<pkg-contents spec="1.12"><f n="vis" o="bruce" g="admin" p="16877" pt="/Users/bruce/Documents/workspace/stage2.7/vis" m="false" t="file"><f n=".DS_Store" o="bruce" g="admin" p="33188"/><f n="__init__.py" o="bruce" g="admin" p="33188"/><f n="__init__.pyc" o="bruce" g="admin" p="33188"/><f n="BlueMarble.tga" o="bruce" g="admin" p="33188"/><f n="brickbump.tga" o="bruce" g="admin" p="33188"/><f n="controls.py" o="bruce" g="admin" p="33188"/><f n="controls.pyc" o="bruce" g="admin" p="33188"/><f n="crayola.py" o="bruce" g="admin" p="33188"/><f n="crayola.pyc" o="bruce" g="admin" p="33188"/><f n="cvisual.so" o="bruce" g="admin" p="33261"/><f n="earth.tga" o="bruce" g="admin" p="33188"/><f n="factorial.py" o="bruce" g="admin" p="33188"/><f n="factorial.pyc" o="bruce" g="admin" p="33188"/><f n="filedialog.py" o="bruce" g="admin" p="33188"/><f n="filedialog.pyc" o="bruce" g="admin" p="33188"/><f n="graph.py" o="bruce" g="admin" p="33188"/><f n="graph.pyc" o="bruce" g="admin" p="33188"/><f n="materials.py" o="bruce" g="admin" p="33188"/><f n="materials.pyc" o="bruce" g="admin" p="33188"/><f n="paths.py" o="bruce" g="admin" p="33188"/><f n="paths.pyc" o="bruce" g="admin" p="33188"/><f n="primitives.py" o="bruce" g="admin" p="33188"/><f n="primitives.pyc" o="bruce" g="admin" p="33188"/><f n="random.tga" o="bruce" g="admin" p="33188"/><f n="shapes.py" o="bruce" g="admin" p="33188"/><f n="shapes.pyc" o="bruce" g="admin" p="33188"/><f n="site_settings.py" o="bruce" g="admin" p="33188"/><f n="site_settings.pyc" o="bruce" g="admin" p="33188"/><f n="turbulence3.tga" o="bruce" g="admin" p="33188"/><f n="ui.py" o="bruce" g="admin" p="33188"/><f n="ui.pyc" o="bruce" g="admin" p="33188"/><f n="wood.tga" o="bruce" g="admin" p="33188"/></f></pkg-contents>